Year,Player,TM,ATT,RusYDS,RusY/A,RusTD,FL,G,TmRBWR,RYOE,RYOE/ATT,RYOE%,TGT,REC,RecYDS,Y/R,RecTD,Routes,Y/RR,Open,Catch,YAC,Overall,Snaps,Snaps/G,Rush%,Tgt%,Touch %,Util%,In5ATT,In5RushTD,In5Rush%,RusTD%,xRusTD%,In5REC,In5TG,In5RecTD,RecTD%,xRecTD%,significant_injury,position,gsis_id,birth_date,draft_round,draft_pick,rookie_season,last_season,age,year_signed,years,inflated_value,inflated_guaranteed,inflated_apy,pct_gtd_sign
2020,AJ Dillon,GB,46.0,242.0,5.3,2.0,0.0,11.0,74.0,,,,2.0,2.0,21.0,10.5,0.0,,,,,,,97.0,9.0,47.0,2.0,49.0,49.0,0.0,0.0,0.0,0.0435,0.0277,0.0,0.0,0.0,0.0,0.0152,0.0,RB,00-0036265,1998-05-02,2.0,62.0,2020.0,2026.0,22.34,2020.0,4.0,8.032755,4.194674,2.008189,0.522
2021,AJ Dillon,GB,187.0,803.0,4.3,5.0,1.0,17.0,73.0,47.0,0.25,45.2,37.0,34.0,313.0,9.2,2.0,156.0,2.01,59.0,74.0,71.0,83.0,476.0,28.0,39.0,8.0,46.0,47.0,11.0,4.0,0.579,0.0267,0.0326,1.0,1.0,1.0,0.0541,0.0413,0.0,RB,00-0036265,1998-05-02,2.0,62.0,2020.0,2026.0,23.33,2020.0,4.0,8.032755,4.194674,2.008189,0.522
2022,AJ Dillon,GB,186.0,770.0,4.1,7.0,0.0,17.0,72.0,-35.0,-0.19,40.2,43.0,28.0,206.0,7.4,0.0,189.0,1.09,43.0,51.0,37.0,37.0,537.0,32.0,35.0,8.0,40.0,43.0,9.0,4.0,0.818,0.0376,0.0353,0.0,0.0,0.0,0.0,0.0143,0.0,RB,00-0036265,1998-05-02,2.0,62.0,2020.0,2026.0,24.33,2020.0,4.0,8.032755,4.194674,2.008189,0.522
2023,AJ Dillon,GB,178.0,613.0,3.4,2.0,0.0,15.0,70.0,-64.0,-0.36,36.9,28.0,22.0,223.0,10.1,0.0,179.0,1.25,60.0,68.0,80.0,88.0,494.0,33.0,36.0,6.0,40.0,42.0,10.0,2.0,0.556,0.0112,0.0232,0.0,0.0,0.0,0.0,0.0054,0.0,RB,00-0036265,1998-05-02,2.0,62.0,2020.0,2026.0,25.33,2020.0,4.0,8.032755,4.194674,2.008189,0.522
2018,Aaron Jones Sr.,GB,133.0,728.0,5.5,8.0,1.0,12.0,,86.0,0.66,42.7,35.0,26.0,206.0,7.9,1.0,145.0,1.42,34.0,53.0,54.0,49.0,376.0,31.0,35.0,9.0,42.0,45.0,4.0,2.0,0.571,0.0602,0.0414,0.0,0.0,0.0,0.0286,0.0233,0.0,RB,00-0033293,1994-12-02,5.0,182.0,2017.0,2026.0,23.75,2017.0,4.0,4.692855,0.364232,1.173214,0.078
2019,Aaron Jones Sr.,GB,236.0,1084.0,4.6,16.0,2.0,16.0,,84.0,0.36,39.7,68.0,49.0,474.0,9.7,3.0,249.0,2.03,39.0,46.0,51.0,45.0,663.0,41.0,36.0,10.0,43.0,46.0,17.0,10.0,0.895,0.0678,0.0526,2.0,2.0,1.0,0.0441,0.0417,0.0,RB,00-0033293,1994-12-02,5.0,182.0,2017.0,2026.0,24.75,2017.0,4.0,4.692855,0.364232,1.173214,0.078
2020,Aaron Jones Sr.,GB,201.0,1104.0,5.5,9.0,0.0,14.0,74.0,128.0,0.64,39.5,63.0,47.0,355.0,7.6,2.0,208.0,1.81,36.0,26.0,66.0,47.0,539.0,39.0,37.0,12.0,46.0,49.0,9.0,4.0,0.563,0.0448,0.0396,1.0,3.0,0.0,0.0317,0.0385,0.0,RB,00-0033293,1994-12-02,5.0,182.0,2017.0,2026.0,25.75,2017.0,4.0,4.692855,0.364232,1.173214,0.078
2021,Aaron Jones Sr.,GB,171.0,799.0,4.7,4.0,1.0,15.0,73.0,49.0,0.29,38.2,65.0,52.0,391.0,7.5,6.0,237.0,2.19,43.0,45.0,66.0,59.0,578.0,39.0,30.0,11.0,39.0,41.0,8.0,4.0,0.421,0.0234,0.028,2.0,2.0,2.0,0.0923,0.0709,0.0,RB,00-0033293,1994-12-02,5.0,182.0,2017.0,2026.0,26.75,2021.0,4.0,79.219726,21.455342,19.804932,0.271
2022,Aaron Jones Sr.,GB,213.0,1121.0,5.3,2.0,3.0,17.0,72.0,88.0,0.43,42.4,72.0,59.0,395.0,6.7,5.0,249.0,1.59,59.0,66.0,39.0,51.0,630.0,37.0,34.0,11.0,43.0,45.0,2.0,0.0,0.182,0.0094,0.0135,2.0,2.0,1.0,0.0694,0.0527,0.0,RB,00-0033293,1994-12-02,5.0,182.0,2017.0,2026.0,27.75,2021.0,4.0,79.219726,21.455342,19.804932,0.271
2023,Aaron Jones Sr.,GB,142.0,656.0,4.6,2.0,1.0,11.0,70.0,16.0,0.12,39.4,43.0,30.0,233.0,7.8,1.0,158.0,1.61,66.0,54.0,55.0,62.0,354.0,32.0,40.0,12.0,49.0,52.0,7.0,2.0,0.389,0.0141,0.0237,0.0,0.0,0.0,0.0233,0.028,0.0,RB,00-0033293,1994-12-02,5.0,182.0,2017.0,2026.0,28.75,2023.0,2.0,30.816726,11.415587,15.408363,0.37
2024,Aaron Jones Sr.,MIN,255.0,1138.0,4.5,5.0,3.0,17.0,72.0,42.0,0.17,40.6,62.0,51.0,408.0,8.0,2.0,289.0,1.45,73.0,61.0,44.0,59.0,700.0,41.0,36.0,9.0,44.0,45.0,13.0,3.0,0.813,0.0196,0.0255,2.0,2.0,1.0,0.0323,0.0455,0.0,RB,00-0033293,1994-12-02,5.0,182.0,2017.0,2026.0,29.75,2024.0,1.0,8.255286,8.255286,8.255286,1.0
2025,Aaron Jones Sr.,MIN,132.0,548.0,4.2,2.0,1.0,12.0,74.0,-15.0,-0.12,35.7,41.0,28.0,199.0,7.1,1.0,153.0,1.3,64.0,69.0,47.0,61.0,366.0,31.0,36.0,11.0,44.0,47.0,3.0,2.0,0.25,0.0152,0.0163,0.0,0.0,0.0,0.0244,0.0214,0.0,RB,00-0033293,1994-12-02,5.0,182.0,2017.0,2026.0,30.75,2025.0,2.0,21.575931,12.40616,10.787966,0.575
2018,Adrian Peterson,WAS,251.0,1042.0,4.2,7.0,2.0,16.0,,61.0,0.25,35.8,26.0,20.0,208.0,10.4,1.0,112.0,1.86,51.0,40.0,72.0,64.0,479.0,30.0,52.0,5.0,57.0,58.0,8.0,4.0,0.571,0.0279,0.0251,0.0,0.0,0.0,0.0385,0.0314,0.0,RB,00-0025394,1985-03-21,1.0,7.0,2007.0,2021.0,33.45,2018.0,1.0,1.725271,0.0,1.725271,0.0
2019,Adrian Peterson,WAS,211.0,898.0,4.3,5.0,2.0,16.0,,101.0,0.49,42.1,23.0,17.0,142.0,8.4,0.0,,,,,,,403.0,27.0,52.0,6.0,57.0,58.0,7.0,3.0,0.583,0.0237,0.023,0.0,0.0,0.0,0.0,0.0097,0.0,RB,00-0025394,1985-03-21,1.0,7.0,2007.0,2021.0,34.45,2019.0,2.0,8.050138,2.400638,4.025069,0.298
2020,Adrian Peterson,DET,156.0,604.0,3.9,7.0,0.0,16.0,70.0,-78.0,-0.5,27.7,18.0,12.0,101.0,8.4,0.0,,,,,,,298.0,19.0,52.0,6.0,56.0,58.0,14.0,6.0,0.467,0.0449,0.048,0.0,0.0,0.0,0.0,0.0103,0.0,RB,00-0025394,1985-03-21,1.0,7.0,2007.0,2021.0,35.45,2020.0,1.0,1.595661,0.0,1.595661,0.0
2021,Adrian Peterson,SEA,38.0,98.0,2.6,2.0,0.0,4.0,68.0,,,,4.0,4.0,8.0,2.0,0.0,,,,,,,72.0,18.0,53.0,6.0,58.0,58.0,5.0,2.0,0.294,0.0526,0.058,1.0,1.0,0.0,0.0,0.0586,0.0,RB,00-0025394,1985-03-21,1.0,7.0,2007.0,2021.0,36.45,2021.0,1.0,0.415904,0.0,0.415904,0.0
2018,Alex Collins,BAL,114.0,411.0,3.6,7.0,3.0,10.0,,-39.0,-0.36,41.3,21.0,15.0,105.0,7.0,1.0,,,,,,,312.0,31.0,37.0,7.0,41.0,43.0,6.0,2.0,0.353,0.0614,0.0476,1.0,1.0,1.0,0.0476,0.049,1.0,RB,00-0032426,1994-08-26,5.0,171.0,2016.0,2021.0,24.02,2018.0,1.0,1.070858,0.0,1.070858,0.0
2019,Alex Collins,BAL,0.0,0.0,0.0,0.0,0.0,1.0,,,,,0.0,0.0,0.0,0.0,0.0,,,,,,,,,,,,,0.0,0.0,0.0,,,0.0,0.0,0.0,,,1.0,RB,00-0032426,1994-08-26,5.0,171.0,2016.0,2021.0,25.02,2016.0,4.0,4.896918,0.357677,1.22423,0.073
2020,Alex Collins,SEA,18.0,77.0,4.3,2.0,0.0,3.0,70.0,,,,2.0,1.0,4.0,4.0,0.0,,,,,,,52.0,17.0,35.0,4.0,37.0,38.0,0.0,0.0,0.0,,,0.0,0.0,0.0,,,0.0,RB,00-0032426,1994-08-26,5.0,171.0,2016.0,2021.0,26.02,2020.0,1.0,0.330662,0.0,0.330662,0.0
2021,Alex Collins,SEA,108.0,411.0,3.8,2.0,1.0,11.0,68.0,-90.0,-0.85,27.4,10.0,9.0,87.0,9.7,0.0,,,,,,,257.0,23.0,42.0,4.0,46.0,46.0,4.0,1.0,0.235,0.0185,0.0216,0.0,0.0,0.0,0.0,0.0028,0.0,RB,00-0032426,1994-08-26,5.0,171.0,2016.0,2021.0,27.02,2021.0,1.0,1.633907,0.0,1.633907,0.0
2019,Alexander Mattison,MIN,100.0,462.0,4.6,1.0,1.0,13.0,,35.0,0.36,43.3,12.0,10.0,82.0,8.2,0.0,,,,,,,197.0,15.0,51.0,6.0,56.0,57.0,3.0,0.0,0.111,0.01,0.0223,0.0,0.0,0.0,0.0,0.0055,0.0,RB,00-0034972,1998-06-19,3.0,102.0,2019.0,2025.0,21.2,2019.0,4.0,5.555364,1.315825,1.388841,0.237
2020,Alexander Mattison,MIN,96.0,434.0,4.5,2.0,0.0,13.0,70.0,52.0,0.55,46.8,15.0,13.0,125.0,9.6,1.0,,,,,,,229.0,18.0,42.0,7.0,48.0,48.0,4.0,1.0,0.125,0.0208,0.0321,0.0,0.0,0.0,0.0667,0.0367,0.0,RB,00-0034972,1998-06-19,3.0,102.0,2019.0,2025.0,22.2,2019.0,4.0,5.555364,1.315825,1.388841,0.237
2021,Alexander Mattison,MIN,134.0,491.0,3.7,3.0,1.0,16.0,71.0,-74.0,-0.55,32.3,39.0,32.0,228.0,7.1,1.0,145.0,1.57,37.0,54.0,54.0,51.0,377.0,24.0,36.0,10.0,44.0,46.0,4.0,1.0,0.182,0.0224,0.0259,0.0,0.0,0.0,0.0256,0.0323,0.0,RB,00-0034972,1998-06-19,3.0,102.0,2019.0,2025.0,23.2,2019.0,4.0,5.555364,1.315825,1.388841,0.237
2022,Alexander Mattison,MIN,74.0,283.0,3.8,5.0,0.0,17.0,71.0,,,,18.0,15.0,91.0,6.1,1.0,,,,,,,297.0,17.0,25.0,6.0,30.0,31.0,2.0,0.0,0.1,0.0676,0.0535,0.0,0.0,0.0,0.0556,0.0456,0.0,RB,00-0034972,1998-06-19,3.0,102.0,2019.0,2025.0,24.2,2019.0,4.0,5.555364,1.315825,1.388841,0.237
2023,Alexander Mattison,MIN,180.0,700.0,3.9,0.0,2.0,16.0,72.0,-45.0,-0.25,39.7,44.0,30.0,192.0,6.4,3.0,243.0,0.79,68.0,42.0,32.0,37.0,579.0,36.0,31.0,8.0,36.0,39.0,9.0,0.0,0.75,0.0,0.0139,2.0,4.0,2.0,0.0682,0.0687,0.0,RB,00-0034972,1998-06-19,3.0,102.0,2019.0,2025.0,25.2,2023.0,2.0,9.379004,4.823488,4.689502,0.514
2024,Alexander Mattison,LV,132.0,420.0,3.2,4.0,1.0,14.0,71.0,-77.0,-0.59,31.8,48.0,36.0,294.0,8.2,1.0,187.0,1.57,71.0,42.0,61.0,63.0,444.0,32.0,30.0,11.0,38.0,41.0,11.0,4.0,0.579,0.0303,0.0355,0.0,0.0,0.0,0.0204,0.0174,0.0,RB,00-0034972,1998-06-19,3.0,102.0,2019.0,2025.0,26.2,2024.0,1.0,2.358653,1.945889,2.358653,0.825
2018,Alfred Morris,SF,111.0,428.0,3.9,2.0,1.0,12.0,,-58.0,-0.53,35.8,13.0,8.0,73.0,9.1,0.0,,,,,,,250.0,21.0,44.0,5.0,48.0,50.0,8.0,1.0,0.533,0.018,0.0335,0.0,0.0,0.0,0.0,0.0018,0.0,RB,00-0029141,1988-12-12,6.0,173.0,2012.0,2020.0,29.72,2018.0,1.0,1.342822,0.0,1.342822,0.0
2019,Alfred Morris,ARI,1.0,4.0,4.0,0.0,0.0,1.0,,,,,0.0,0.0,0.0,0.0,0.0,,,,,,,3.0,3.0,33.0,0.0,33.0,33.0,0.0,0.0,0.0,,,0.0,0.0,0.0,,,0.0,RB,00-0029141,1988-12-12,6.0,173.0,2012.0,2020.0,30.72,2019.0,1.0,1.632434,0.144038,1.632434,0.088
2020,Alfred Morris,NYG,55.0,238.0,4.3,1.0,0.0,9.0,70.0,,,,4.0,3.0,19.0,6.3,1.0,,,,,,,111.0,12.0,50.0,4.0,52.0,53.0,1.0,1.0,0.059,0.0182,0.0171,0.0,0.0,0.0,0.25,0.1551,0.0,RB,00-0029141,1988-12-12,6.0,173.0,2012.0,2020.0,31.72,2020.0,1.0,1.595661,0.0,1.595661,0.0
2018,Alvin Kamara,NO,194.0,883.0,4.6,14.0,0.0,15.0,,-82.0,-0.43,35.6,105.0,81.0,709.0,8.8,4.0,317.0,2.65,33.0,69.0,67.0,67.0,660.0,44.0,29.0,16.0,42.0,45.0,16.0,9.0,0.516,0.0722,0.0625,3.0,3.0,1.0,0.0381,0.0432,0.0,RB,00-0033906,1995-07-25,3.0,67.0,2017.0,2026.0,23.1,2017.0,4.0,6.95785,1.754485,1.739462,0.252
2019,Alvin Kamara,NO,171.0,797.0,4.7,5.0,1.0,14.0,,29.0,0.17,36.7,97.0,81.0,533.0,6.6,1.0,297.0,1.91,51.0,49.0,48.0,48.0,626.0,45.0,27.0,15.0,40.0,43.0,7.0,2.0,0.583,0.0292,0.0301,0.0,0.0,0.0,0.0103,0.0216,0.0,RB,00-0033906,1995-07-25,3.0,67.0,2017.0,2026.0,24.1,2017.0,4.0,6.95785,1.754485,1.739462,0.252
2020,Alvin Kamara,NO,187.0,932.0,5.0,16.0,0.0,15.0,72.0,77.0,0.42,39.5,107.0,83.0,756.0,9.1,5.0,312.0,2.54,59.0,21.0,67.0,54.0,658.0,44.0,28.0,16.0,41.0,45.0,15.0,11.0,0.833,0.0856,0.0672,2.0,2.0,1.0,0.0467,0.0394,0.0,RB,00-0033906,1995-07-25,3.0,67.0,2017.0,2026.0,25.11,2020.0,5.0,113.975782,27.100402,22.795156,0.238
2021,Alvin Kamara,NO,240.0,898.0,3.7,4.0,0.0,13.0,69.0,-140.0,-0.59,31.5,67.0,47.0,439.0,9.3,5.0,195.0,2.25,51.0,15.0,71.0,51.0,627.0,48.0,38.0,11.0,46.0,49.0,9.0,2.0,0.529,0.0167,0.0232,1.0,1.0,1.0,0.0746,0.0563,0.0,RB,00-0033906,1995-07-25,3.0,67.0,2017.0,2026.0,26.11,2020.0,5.0,113.975782,27.100402,22.795156,0.238
2022,Alvin Kamara,NO,223.0,897.0,4.0,2.0,4.0,15.0,71.0,-38.0,-0.17,39.0,77.0,57.0,490.0,8.6,2.0,243.0,2.02,65.0,66.0,50.0,63.0,642.0,43.0,35.0,12.0,44.0,47.0,4.0,2.0,0.667,0.009,0.0125,0.0,0.0,0.0,0.0256,0.0225,0.0,RB,00-0033906,1995-07-25,3.0,67.0,2017.0,2026.0,27.1,2020.0,5.0,113.975782,27.100402,22.795156,0.238
2023,Alvin Kamara,NO,180.0,694.0,3.9,5.0,0.0,13.0,72.0,-99.0,-0.56,33.1,86.0,75.0,466.0,6.2,1.0,204.0,2.28,72.0,68.0,43.0,61.0,558.0,43.0,32.0,15.0,46.0,48.0,12.0,3.0,1.0,0.0278,0.0338,0.0,0.0,0.0,0.0115,0.0135,0.0,RB,00-0033906,1995-07-25,3.0,67.0,2017.0,2026.0,28.1,2020.0,5.0,113.975782,27.100402,22.795156,0.238
2024,Alvin Kamara,NO,228.0,950.0,4.2,6.0,0.0,14.0,71.0,-35.0,-0.15,38.1,89.0,68.0,543.0,8.0,2.0,258.0,2.1,30.0,66.0,53.0,53.0,641.0,46.0,36.0,14.0,46.0,49.0,11.0,4.0,1.0,0.0263,0.0275,0.0,0.0,0.0,0.0225,0.0178,0.0,RB,00-0033906,1995-07-25,3.0,67.0,2017.0,2026.0,29.11,2024.0,2.0,28.8935,22.68238,14.44675,0.785
2025,Alvin Kamara,NO,131.0,471.0,3.6,1.0,2.0,11.0,70.0,-95.0,-0.73,30.0,39.0,33.0,186.0,5.6,0.0,187.0,0.99,56.0,70.0,27.0,42.0,457.0,42.0,29.0,9.0,36.0,37.0,2.0,0.0,0.5,0.0076,0.0114,0.0,0.0,0.0,0.0,0.0149,0.0,RB,00-0033906,1995-07-25,3.0,67.0,2017.0,2026.0,30.11,2024.0,2.0,28.8935,22.68238,14.44675,0.785
2018,Ameer Abdullah,MIN,1.0,1.0,1.0,0.0,1.0,10.0,,,,,4.0,3.0,28.0,9.3,0.0,,,,,,,17.0,2.0,6.0,24.0,24.0,29.0,0.0,0.0,0.0,,,0.0,0.0,0.0,,,0.0,RB,00-0032104,1993-06-13,2.0,54.0,2015.0,2026.0,25.22,2015.0,4.0,8.736915,4.817247,2.18423,0.551
2019,Ameer Abdullah,MIN,23.0,115.0,5.0,0.0,1.0,16.0,,,,,21.0,15.0,88.0,5.9,1.0,,,,,,,135.0,8.0,17.0,16.0,28.0,33.0,0.0,0.0,0.0,,,0.0,0.0,0.0,,,0.0,RB,00-0032104,1993-06-13,2.0,54.0,2015.0,2026.0,26.22,2019.0,1.0,1.296344,0.072019,1.296344,0.056
2020,Ameer Abdullah,MIN,8.0,42.0,5.3,0.0,0.0,16.0,70.0,,,,9.0,8.0,58.0,7.3,2.0,,,,,,,74.0,5.0,11.0,12.0,22.0,23.0,0.0,0.0,0.0,,,0.0,1.0,0.0,,,0.0,RB,00-0032104,1993-06-13,2.0,54.0,2015.0,2026.0,27.22,2020.0,1.0,1.591862,0.208956,1.591862,0.131
2021,Ameer Abdullah,CAR,51.0,166.0,3.3,0.0,0.0,17.0,68.0,,,,53.0,38.0,289.0,7.6,1.0,155.0,1.86,71.0,47.0,43.0,50.0,314.0,18.0,16.0,17.0,28.0,33.0,1.0,0.0,0.045,0.0,0.0103,0.0,0.0,0.0,0.0189,0.0221,0.0,RB,00-0032104,1993-06-13,2.0,54.0,2015.0,2026.0,28.22,2021.0,1.0,0.415904,0.0,0.415904,0.0
2022,Ameer Abdullah,LV,4.0,20.0,5.0,0.0,0.0,16.0,72.0,,,,32.0,25.0,211.0,8.4,1.0,114.0,1.85,50.0,67.0,44.0,53.0,166.0,12.0,2.0,19.0,17.0,22.0,0.0,0.0,0.0,,,0.0,0.0,0.0,,,0.0,RB,00-0032104,1993-06-13,2.0,54.0,2015.0,2026.0,29.22,2022.0,1.0,1.717939,0.22062,1.717939,0.128
2023,Ameer Abdullah,LV,15.0,89.0,5.9,0.0,0.0,16.0,67.0,,,,24.0,19.0,131.0,6.9,0.0,,,,,,,206.0,13.0,7.0,12.0,17.0,19.0,0.0,0.0,0.0,,,0.0,0.0,0.0,,,0.0,RB,00-0032104,1993-06-13,2.0,54.0,2015.0,2026.0,30.22,2023.0,1.0,2.344751,0.669929,2.344751,0.286
2024,Ameer Abdullah,LV,66.0,311.0,4.7,2.0,1.0,15.0,71.0,,,,47.0,40.0,261.0,6.5,3.0,222.0,1.18,52.0,78.0,43.0,58.0,397.0,31.0,17.0,12.0,27.0,28.0,4.0,1.0,0.211,0.0303,0.0339,2.0,2.0,1.0,0.0638,0.0543,0.0,RB,00-0032104,1993-06-13,2.0,54.0,2015.0,2026.0,31.22,2024.0,1.0,2.181754,1.002428,2.181754,0.459
2020,Antonio Gibson,WAS,170.0,795.0,4.7,11.0,2.0,14.0,73.0,35.0,0.21,39.9,44.0,36.0,247.0,6.9,0.0,133.0,1.89,40.0,42.0,52.0,44.0,405.0,29.0,42.0,11.0,51.0,53.0,12.0,7.0,0.5,0.0647,0.053,0.0,0.0,0.0,0.0,0.0095,0.0,RB,00-0036328,1998-06-23,3.0,66.0,2020.0,2025.0,22.19,2020.0,4.0,7.496017,1.743635,1.874005,0.233
2021,Antonio Gibson,WAS,258.0,1037.0,4.0,7.0,4.0,16.0,75.0,1.0,0.01,38.8,52.0,42.0,294.0,7.0,3.0,150.0,1.96,42.0,46.0,51.0,46.0,604.0,38.0,43.0,9.0,50.0,51.0,15.0,6.0,0.714,0.0271,0.0325,1.0,2.0,1.0,0.0577,0.048,0.0,RB,00-0036328,1998-06-23,3.0,66.0,2020.0,2025.0,23.19,2020.0,4.0,7.496017,1.743635,1.874005,0.233
2022,Antonio Gibson,WAS,149.0,546.0,3.7,3.0,0.0,15.0,71.0,-28.0,-0.19,39.5,58.0,46.0,353.0,7.7,2.0,200.0,1.76,65.0,78.0,26.0,49.0,489.0,33.0,30.0,12.0,40.0,42.0,10.0,3.0,0.526,0.0201,0.0294,0.0,0.0,0.0,0.0345,0.0289,0.0,RB,00-0036328,1998-06-23,3.0,66.0,2020.0,2025.0,24.19,2020.0,4.0,7.496017,1.743635,1.874005,0.233
2023,Antonio Gibson,WAS,65.0,265.0,4.1,1.0,2.0,16.0,75.0,,,,59.0,48.0,389.0,8.1,2.0,280.0,1.39,38.0,84.0,48.0,60.0,473.0,30.0,14.0,12.0,24.0,26.0,1.0,1.0,0.077,0.0154,0.0154,1.0,1.0,1.0,0.0339,0.0263,0.0,RB,00-0036328,1998-06-23,3.0,66.0,2020.0,2025.0,25.19,2020.0,4.0,7.496017,1.743635,1.874005,0.233
2024,Antonio Gibson,NE,120.0,538.0,4.5,1.0,0.0,17.0,67.0,83.0,0.7,45.4,29.0,23.0,206.0,9.0,0.0,132.0,1.56,52.0,69.0,42.0,53.0,359.0,21.0,33.0,8.0,40.0,42.0,3.0,0.0,0.2,0.0083,0.0135,0.0,0.0,0.0,0.0,0.0061,0.0,RB,00-0036328,1998-06-23,3.0,66.0,2020.0,2025.0,26.19,2024.0,3.0,13.267424,6.250431,4.422475,0.471
2025,Antonio Gibson,NE,25.0,106.0,4.2,1.0,1.0,5.0,72.0,,,,17.0,13.0,91.0,7.0,0.0,,,,,,,52.0,10.0,48.0,6.0,52.0,54.0,2.0,1.0,0.095,,,0.0,0.0,0.0,,,1.0,RB,00-0036328,1998-06-23,3.0,66.0,2020.0,2025.0,27.19,2024.0,3.0,13.267424,6.250431,4.422475,0.471
2025,Ashton Jeanty,LV,266.0,975.0,3.7,5.0,1.0,17.0,70.0,-51.0,-0.19,34.9,73.0,55.0,346.0,6.3,5.0,297.0,1.16,62.0,70.0,52.0,66.0,771.0,45.0,35.0,9.0,42.0,44.0,9.0,3.0,1.0,0.0188,0.0212,1.0,1.0,1.0,0.0685,0.0485,0.0,RB,00-0040122,2003-12-02,1.0,6.0,2025.0,2026.0,21.75,2025.0,4.0,38.724279,38.724279,9.68107,1.0
2018,Austin Ekeler,LAC,106.0,554.0,5.2,3.0,1.0,14.0,,7.0,0.06,36.9,53.0,39.0,404.0,10.4,3.0,179.0,2.44,35.0,36.0,77.0,61.0,347.0,25.0,31.0,15.0,42.0,46.0,4.0,2.0,0.364,0.0283,0.0282,0.0,0.0,0.0,0.0566,0.0375,0.0,RB,00-0033699,1995-05-17,,,2017.0,2025.0,23.29,2017.0,3.0,3.012,0.009018,1.004001,0.003
2019,Austin Ekeler,LAC,132.0,557.0,4.2,3.0,2.0,16.0,,-82.0,-0.64,31.0,108.0,92.0,993.0,10.8,8.0,267.0,3.72,63.0,92.0,72.0,94.0,599.0,37.0,22.0,18.0,37.0,40.0,9.0,2.0,0.391,0.0227,0.0295,3.0,4.0,1.0,0.0741,0.0562,0.0,RB,00-0033699,1995-05-17,,,2017.0,2025.0,24.29,2017.0,3.0,3.012,0.009018,1.004001,0.003
2020,Austin Ekeler,LAC,116.0,530.0,4.6,1.0,0.0,10.0,67.0,11.0,0.1,36.5,65.0,54.0,403.0,7.5,2.0,176.0,2.29,40.0,53.0,62.0,58.0,412.0,41.0,28.0,16.0,41.0,44.0,1.0,0.0,0.077,0.0086,0.0152,0.0,0.0,0.0,0.0308,0.0327,0.0,RB,00-0033699,1995-05-17,,,2017.0,2025.0,25.3,2020.0,4.0,37.232089,20.89556,9.308022,0.561
2021,Austin Ekeler,LAC,206.0,911.0,4.4,12.0,3.0,16.0,70.0,-11.0,-0.06,38.0,94.0,70.0,647.0,9.2,8.0,346.0,1.87,43.0,48.0,71.0,64.0,731.0,46.0,28.0,13.0,38.0,41.0,16.0,9.0,0.727,0.0583,0.0518,1.0,1.0,1.0,0.0851,0.0582,0.0,RB,00-0033699,1995-05-17,,,2017.0,2025.0,26.29,2020.0,4.0,37.232089,20.89556,9.308022,0.561
2022,Austin Ekeler,LAC,204.0,915.0,4.5,13.0,3.0,17.0,70.0,83.0,0.42,37.2,127.0,107.0,722.0,6.7,5.0,390.0,1.87,51.0,99.0,52.0,82.0,734.0,43.0,28.0,17.0,42.0,45.0,10.0,6.0,0.588,0.0634,0.051,4.0,4.0,3.0,0.0391,0.0421,0.0,RB,00-0033699,1995-05-17,,,2017.0,2025.0,27.29,2020.0,4.0,37.232089,20.89556,9.308022,0.561
2023,Austin Ekeler,LAC,179.0,628.0,3.5,5.0,4.0,14.0,72.0,-48.0,-0.27,35.0,74.0,51.0,436.0,8.5,1.0,292.0,1.49,70.0,46.0,76.0,78.0,630.0,45.0,28.0,12.0,37.0,40.0,15.0,5.0,0.833,0.0279,0.0366,1.0,2.0,0.0,0.0135,0.0197,0.0,RB,00-0033699,1995-05-17,,,2017.0,2025.0,28.29,2020.0,4.0,37.232089,20.89556,9.308022,0.561
2024,Austin Ekeler,WAS,77.0,367.0,4.8,4.0,0.0,12.0,74.0,,,,41.0,35.0,366.0,10.5,0.0,225.0,2.0,63.0,65.0,84.0,91.0,409.0,34.0,19.0,10.0,27.0,29.0,5.0,3.0,0.227,0.0519,0.0475,0.0,0.0,0.0,0.0,0.0089,0.0,RB,00-0033699,1995-05-17,,,2017.0,2025.0,29.3,2024.0,2.0,9.941723,4.964965,4.970861,0.499
2022,Bam Knight,NYJ,85.0,300.0,3.5,1.0,0.0,7.0,69.0,,,,14.0,13.0,100.0,7.7,0.0,,,,,,,198.0,28.0,43.0,7.0,49.0,50.0,3.0,0.0,0.158,0.0118,0.017,0.0,0.0,0.0,0.0,0.0077,0.0,RB,00-0037157,2001-04-11,,,2022.0,2026.0,21.39,2022.0,1.0,0.299464,0.0,0.299464,0.0
2023,Bam Knight,DET,3.0,13.0,4.3,0.0,0.0,2.0,73.0,,,,1.0,1.0,8.0,8.0,0.0,,,,,,,,,,,,,0.0,0.0,0.0,,,0.0,0.0,0.0,,,1.0,RB,00-0037157,2001-04-11,,,2022.0,2026.0,22.39,2023.0,1.0,1.165676,0.0,1.165676,0.0
2025,Bam Knight,ARI,82.0,269.0,3.3,4.0,1.0,12.0,71.0,,,,31.0,22.0,160.0,7.3,1.0,112.0,1.43,73.0,64.0,30.0,48.0,283.0,28.0,29.0,11.0,37.0,40.0,7.0,3.0,0.5,0.0488,0.0474,0.0,1.0,0.0,0.0323,0.0366,1.0,RB,00-0037157,2001-04-11,,,2022.0,2026.0,24.39,2025.0,1.0,1.11116,0.0,1.11116,0.0
2019,Benny Snell Jr.,PIT,108.0,426.0,3.9,2.0,1.0,13.0,,52.0,0.48,48.6,4.0,3.0,23.0,7.7,0.0,,,,,,,166.0,13.0,65.0,2.0,67.0,67.0,2.0,1.0,0.182,0.0185,0.0232,0.0,0.0,0.0,0.0,0.0073,0.0,RB,00-0035217,1998-02-27,4.0,122.0,2019.0,2022.0,21.51,2019.0,4.0,5.156678,1.123607,1.28917,0.218
2020,Benny Snell Jr.,PIT,111.0,368.0,3.3,4.0,1.0,16.0,69.0,-43.0,-0.39,33.3,14.0,10.0,61.0,6.1,0.0,,,,,,,281.0,18.0,40.0,5.0,43.0,44.0,15.0,4.0,0.6,0.036,0.0503,0.0,2.0,0.0,0.0,0.0418,0.0,RB,00-0035217,1998-02-27,4.0,122.0,2019.0,2022.0,22.51,2019.0,4.0,5.156678,1.123607,1.28917,0.218
2021,Benny Snell Jr.,PIT,36.0,98.0,2.7,0.0,0.0,16.0,67.0,,,,4.0,2.0,13.0,6.5,0.0,,,,,,,106.0,7.0,34.0,4.0,36.0,38.0,0.0,0.0,0.0,0.0,0.0042,0.0,0.0,0.0,0.0,0.0026,0.0,RB,00-0035217,1998-02-27,4.0,122.0,2019.0,2022.0,23.51,2019.0,4.0,5.156678,1.123607,1.28917,0.218
2025,Bhayshul Tuten,JAC,83.0,307.0,3.7,5.0,1.0,15.0,73.0,,,,14.0,10.0,79.0,7.9,2.0,,,,,,,215.0,14.0,39.0,7.0,43.0,45.0,6.0,4.0,0.333,0.0602,0.0529,0.0,0.0,0.0,0.1429,0.0866,0.0,RB,00-0040719,2002-02-14,4.0,104.0,2025.0,2026.0,23.55,2025.0,4.0,5.735152,1.161346,1.433789,0.202
2023,Bijan Robinson,ATL,214.0,976.0,4.6,4.0,3.0,17.0,72.0,82.0,0.39,38.3,86.0,58.0,487.0,8.4,4.0,369.0,1.32,53.0,41.0,43.0,41.0,771.0,45.0,28.0,11.0,35.0,39.0,3.0,2.0,0.3,0.0187,0.0174,1.0,3.0,0.0,0.0465,0.0419,0.0,RB,00-0038542,2002-01-30,1.0,8.0,2023.0,2026.0,21.59,2023.0,4.0,29.421323,29.421323,7.355331,1.0
2024,Bijan Robinson,ATL,304.0,1456.0,4.8,14.0,0.0,17.0,71.0,199.0,0.68,48.3,72.0,61.0,431.0,7.1,1.0,315.0,1.37,60.0,73.0,63.0,75.0,861.0,51.0,35.0,8.0,42.0,44.0,14.0,9.0,0.7,0.0461,0.0405,0.0,0.0,0.0,0.0139,0.015,0.0,RB,00-0038542,2002-01-30,1.0,8.0,2023.0,2026.0,22.59,2023.0,4.0,29.421323,29.421323,7.355331,1.0
2025,Bijan Robinson,ATL,287.0,1478.0,5.1,7.0,3.0,17.0,70.0,257.0,0.91,44.2,103.0,79.0,820.0,10.4,4.0,377.0,2.18,52.0,95.0,75.0,94.0,860.0,51.0,33.0,12.0,43.0,45.0,10.0,3.0,0.5,0.0244,0.0234,1.0,1.0,1.0,0.0388,0.0335,0.0,RB,00-0038542,2002-01-30,1.0,8.0,2023.0,2026.0,23.59,2023.0,4.0,29.421323,29.421323,7.355331,1.0
2018,Bilal Powell,NYJ,80.0,343.0,4.3,0.0,1.0,7.0,,,,,18.0,11.0,110.0,10.0,1.0,,,,,,,208.0,30.0,38.0,9.0,44.0,47.0,1.0,0.0,0.091,0.0,0.0074,0.0,0.0,0.0,0.0556,0.0358,1.0,RB,00-0028064,1988-10-27,4.0,126.0,2011.0,2019.0,29.85,2016.0,3.0,21.823276,11.63908,7.274425,0.533
2019,Bilal Powell,NYJ,59.0,229.0,3.9,0.0,0.0,14.0,,,,,12.0,7.0,33.0,4.7,0.0,,,,,,,164.0,13.0,36.0,7.0,41.0,44.0,0.0,0.0,0.0,0.0,0.0044,0.0,0.0,0.0,0.0,0.0129,0.0,RB,00-0028064,1988-10-27,4.0,126.0,2011.0,2019.0,30.84,2019.0,1.0,1.632434,0.144038,1.632434,0.088
2024,Blake Corum,LAR,58.0,207.0,3.6,0.0,0.0,15.0,72.0,,,,8.0,7.0,58.0,8.3,0.0,,,,,,,119.0,9.0,49.0,7.0,55.0,55.0,5.0,0.0,0.2,0.0,0.0206,0.0,0.0,0.0,0.0,0.0014,0.0,RB,00-0039738,2000-11-25,3.0,83.0,2024.0,2026.0,23.77,2024.0,4.0,6.797358,1.193276,1.69934,0.176
2025,Blake Corum,LAR,145.0,746.0,5.1,6.0,0.0,17.0,74.0,123.0,0.85,43.8,14.0,8.0,36.0,4.5,0.0,,,,,,,332.0,20.0,44.0,4.0,46.0,48.0,12.0,4.0,0.414,0.0414,0.043,0.0,0.0,0.0,0.0,0.0059,0.0,RB,00-0039738,2000-11-25,3.0,83.0,2024.0,2026.0,24.77,2024.0,4.0,6.797358,1.193276,1.69934,0.176
2018,Boston Scott,PHI,0.0,0.0,0.0,0.0,0.0,2.0,,,,,0.0,0.0,0.0,0.0,0.0,,,,,,,,,,,,,0.0,0.0,0.0,,,0.0,0.0,0.0,,,0.0,RB,00-0034414,1995-04-27,6.0,201.0,2018.0,2024.0,23.35,2018.0,4.0,4.429578,0.248133,1.107394,0.056
2019,Boston Scott,PHI,61.0,245.0,4.0,5.0,1.0,11.0,,,,,26.0,24.0,204.0,8.5,0.0,,,,,,,186.0,17.0,33.0,14.0,46.0,47.0,2.0,2.0,0.111,0.082,0.0616,0.0,0.0,0.0,0.0,0.004,0.0,RB,00-0034414,1995-04-27,6.0,201.0,2018.0,2024.0,24.35,2019.0,1.0,0.408108,0.0,0.408108,0.0
2020,Boston Scott,PHI,80.0,374.0,4.7,1.0,0.0,16.0,73.0,,,,36.0,25.0,212.0,8.5,1.0,157.0,1.35,23.0,48.0,64.0,51.0,383.0,24.0,21.0,9.0,27.0,30.0,1.0,0.0,0.048,0.0125,0.0168,0.0,1.0,0.0,0.0278,0.0308,0.0,RB,00-0034414,1995-04-27,6.0,201.0,2018.0,2024.0,25.35,2019.0,2.0,1.968523,0.0,0.984261,0.0
2021,Boston Scott,PHI,87.0,373.0,4.3,7.0,1.0,11.0,74.0,,,,16.0,13.0,83.0,6.4,0.0,,,,,,,219.0,20.0,40.0,7.0,46.0,47.0,12.0,7.0,0.414,0.0805,0.0739,0.0,1.0,0.0,0.0,0.0223,0.0,RB,00-0034414,1995-04-27,6.0,201.0,2018.0,2024.0,26.35,2021.0,1.0,1.518378,0.0,1.518378,0.0
2022,Boston Scott,PHI,54.0,217.0,4.0,3.0,0.0,15.0,75.0,,,,6.0,5.0,15.0,3.0,0.0,,,,,,,170.0,11.0,32.0,4.0,35.0,35.0,2.0,2.0,0.091,0.0556,0.0466,0.0,0.0,0.0,0.0,0.0018,0.0,RB,00-0034414,1995-04-27,6.0,201.0,2018.0,2024.0,27.35,2022.0,1.0,2.5317,1.591354,2.5317,0.629
2024,Braelon Allen,NYJ,92.0,334.0,3.6,2.0,0.0,17.0,68.0,-58.0,-0.64,31.1,27.0,19.0,148.0,7.8,1.0,109.0,1.36,45.0,38.0,42.0,36.0,283.0,17.0,33.0,10.0,39.0,42.0,1.0,1.0,0.111,0.0217,0.0207,0.0,0.0,0.0,0.037,0.0234,0.0,RB,00-0039794,2004-01-20,4.0,134.0,2024.0,2026.0,20.62,2024.0,4.0,5.364412,0.623519,1.341103,0.116
2025,Braelon Allen,NYJ,18.0,76.0,4.2,1.0,1.0,4.0,71.0,,,,3.0,2.0,17.0,8.5,0.0,,,,,,,58.0,15.0,31.0,5.0,34.0,36.0,0.0,0.0,0.0,,,0.0,1.0,0.0,,,1.0,RB,00-0039794,2004-01-20,4.0,134.0,2024.0,2026.0,21.62,2024.0,4.0,5.364412,0.623519,1.341103,0.116
2025,Brashard Smith,KC,44.0,151.0,3.4,0.0,0.0,17.0,70.0,,,,35.0,25.0,172.0,6.9,1.0,,,,,,,191.0,11.0,23.0,18.0,36.0,41.0,1.0,0.0,0.063,0.0,0.0132,2.0,2.0,1.0,0.0286,0.0436,0.0,RB,00-0040078,2003-04-11,7.0,228.0,2025.0,2026.0,22.39,2025.0,4.0,4.674939,0.143993,1.168735,0.031
2022,Breece Hall,NYJ,80.0,463.0,5.8,4.0,1.0,7.0,69.0,,,,31.0,19.0,218.0,11.5,1.0,92.0,2.37,60.0,34.0,68.0,62.0,233.0,33.0,34.0,13.0,42.0,48.0,7.0,2.0,0.368,0.05,0.0475,0.0,0.0,0.0,0.0313,0.0311,1.0,RB,00-0038120,2001-05-31,2.0,36.0,2022.0,2026.0,21.25,2022.0,4.0,13.041538,10.243233,3.260384,0.785
2023,Breece Hall,NYJ,223.0,994.0,4.5,5.0,0.0,17.0,68.0,146.0,0.67,33.9,95.0,76.0,591.0,7.8,4.0,266.0,2.22,65.0,75.0,38.0,57.0,667.0,39.0,33.0,14.0,45.0,48.0,1.0,1.0,0.333,0.0224,0.0173,1.0,1.0,1.0,0.0421,0.0304,0.0,RB,00-0038120,2001-05-31,2.0,36.0,2022.0,2026.0,22.25,2022.0,4.0,13.041538,10.243233,3.260384,0.785
2024,Breece Hall,NYJ,209.0,876.0,4.2,5.0,2.0,16.0,68.0,2.0,0.01,38.5,76.0,57.0,483.0,8.5,3.0,304.0,1.59,61.0,40.0,53.0,51.0,720.0,45.0,29.0,11.0,37.0,40.0,8.0,3.0,0.889,0.0238,0.023,0.0,1.0,0.0,0.039,0.0339,0.0,RB,00-0038120,2001-05-31,2.0,36.0,2022.0,2026.0,23.26,2022.0,4.0,13.041538,10.243233,3.260384,0.785
2025,Breece Hall,NYJ,243.0,1065.0,4.4,4.0,2.0,16.0,71.0,142.0,0.59,42.1,48.0,36.0,350.0,9.7,1.0,222.0,1.58,46.0,83.0,68.0,79.0,640.0,40.0,38.0,8.0,44.0,46.0,4.0,2.0,0.667,0.0165,0.016,0.0,1.0,0.0,0.0208,0.0302,0.0,RB,00-0038120,2001-05-31,2.0,36.0,2022.0,2026.0,24.25,2022.0,4.0,13.041538,10.243233,3.260384,0.785
2018,Brian Hill,ATL,20.0,157.0,7.9,0.0,1.0,10.0,,,,,2.0,1.0,9.0,9.0,0.0,,,,,,,66.0,7.0,30.0,3.0,32.0,33.0,1.0,0.0,0.077,,,0.0,0.0,0.0,,,0.0,RB,00-0033567,1995-11-09,5.0,156.0,2017.0,2021.0,22.81,2018.0,2.0,2.039729,0.0,1.019865,0.0
2019,Brian Hill,ATL,78.0,323.0,4.1,2.0,0.0,12.0,,,,,14.0,10.0,69.0,6.9,1.0,,,,,,,235.0,20.0,33.0,6.0,37.0,39.0,2.0,1.0,0.154,0.0256,0.0236,0.0,0.0,0.0,0.0714,0.0602,0.0,RB,00-0033567,1995-11-09,5.0,156.0,2017.0,2021.0,23.81,2018.0,2.0,2.039729,0.0,1.019865,0.0
2020,Brian Hill,ATL,100.0,465.0,4.7,1.0,1.0,16.0,69.0,-11.0,-0.12,30.6,30.0,25.0,199.0,8.0,0.0,134.0,1.49,62.0,49.0,36.0,42.0,328.0,21.0,30.0,9.0,38.0,40.0,2.0,0.0,0.125,0.01,0.0133,0.0,0.0,0.0,0.0,0.0088,0.0,RB,00-0033567,1995-11-09,5.0,156.0,2017.0,2021.0,24.81,2020.0,1.0,3.241471,0.0,3.241471,0.0
2022,Brian Robinson Jr.,WAS,205.0,797.0,3.9,2.0,0.0,12.0,71.0,13.0,0.06,41.5,12.0,9.0,60.0,6.7,1.0,,,,,,,351.0,29.0,58.0,3.0,61.0,62.0,9.0,2.0,0.474,0.0098,0.018,0.0,0.0,0.0,0.0833,0.0488,0.0,RB,00-0037746,1999-03-22,3.0,98.0,2022.0,2026.0,23.45,2022.0,4.0,7.298391,1.228265,1.824598,0.168
2023,Brian Robinson Jr.,WAS,178.0,733.0,4.1,5.0,2.0,15.0,75.0,38.0,0.22,40.9,43.0,36.0,368.0,10.2,4.0,189.0,1.95,41.0,84.0,76.0,85.0,496.0,33.0,36.0,9.0,43.0,45.0,8.0,2.0,0.615,0.0281,0.0276,0.0,0.0,0.0,0.093,0.062,0.0,RB,00-0037746,1999-03-22,3.0,98.0,2022.0,2026.0,24.45,2022.0,4.0,7.298391,1.228265,1.824598,0.168
2024,Brian Robinson Jr.,WAS,187.0,799.0,4.3,8.0,2.0,14.0,74.0,25.0,0.14,35.1,25.0,20.0,159.0,8.0,0.0,170.0,1.06,59.0,60.0,40.0,50.0,505.0,36.0,37.0,5.0,41.0,42.0,13.0,4.0,0.591,0.0428,0.0422,0.0,0.0,0.0,0.0,0.0113,0.0,RB,00-0037746,1999-03-22,3.0,98.0,2022.0,2026.0,25.45,2022.0,4.0,7.298391,1.228265,1.824598,0.168
2025,Brian Robinson Jr.,SF,92.0,400.0,4.3,2.0,0.0,17.0,72.0,-6.0,-0.06,38.5,12.0,8.0,25.0,3.1,0.0,,,,,,,190.0,11.0,48.0,6.0,53.0,55.0,2.0,1.0,0.087,0.0217,0.0212,1.0,1.0,0.0,0.0,0.0351,0.0,RB,00-0037746,1999-03-22,3.0,98.0,2022.0,2026.0,26.45,2022.0,4.0,7.298391,1.228265,1.824598,0.168
2024,Bucky Irving,TB,207.0,1122.0,5.4,8.0,1.0,17.0,73.0,186.0,0.94,41.9,52.0,47.0,392.0,8.3,0.0,195.0,2.04,76.0,54.0,77.0,84.0,516.0,30.0,40.0,10.0,49.0,50.0,13.0,4.0,0.542,0.0385,0.0374,0.0,0.0,0.0,0.0,0.0192,0.0,RB,00-0039361,2002-08-19,4.0,125.0,2024.0,2026.0,22.04,2024.0,4.0,5.603631,0.862739,1.400908,0.154
2025,Bucky Irving,TB,173.0,588.0,3.4,1.0,1.0,10.0,70.0,-126.0,-0.74,37.1,35.0,30.0,277.0,9.2,3.0,153.0,1.81,49.0,61.0,85.0,84.0,421.0,42.0,41.0,8.0,48.0,49.0,0.0,0.0,0.0,0.0058,0.0084,0.0,0.0,0.0,0.0857,0.0533,0.0,RB,00-0039361,2002-08-19,4.0,125.0,2024.0,2026.0,23.04,2024.0,4.0,5.603631,0.862739,1.400908,0.154
2020,Cam Akers,LAR,145.0,625.0,4.3,2.0,1.0,12.0,70.0,-39.0,-0.28,28.2,14.0,11.0,123.0,11.2,1.0,,,,,,,294.0,25.0,49.0,5.0,53.0,54.0,7.0,1.0,0.259,0.0138,0.0282,1.0,1.0,1.0,0.0714,0.0713,0.0,RB,00-0036414,1999-06-22,2.0,52.0,2020.0,2025.0,21.2,2020.0,4.0,9.381031,5.394971,2.345258,0.575
2021,Cam Akers,LAR,5.0,3.0,0.6,0.0,0.0,2.0,71.0,,,,3.0,3.0,10.0,3.3,0.0,,,,,,,13.0,13.0,38.0,23.0,62.0,62.0,0.0,0.0,0.0,,,0.0,0.0,0.0,,,1.0,RB,00-0036414,1999-06-22,2.0,52.0,2020.0,2025.0,22.2,2020.0,4.0,9.381031,5.394971,2.345258,0.575
2022,Cam Akers,LAR,188.0,786.0,4.2,7.0,2.0,15.0,72.0,-14.0,-0.08,35.8,18.0,13.0,117.0,9.0,0.0,,,,,,,428.0,29.0,44.0,4.0,47.0,48.0,8.0,5.0,0.571,0.0372,0.0324,1.0,1.0,0.0,0.0,0.0295,0.0,RB,00-0036414,1999-06-22,2.0,52.0,2020.0,2025.0,23.2,2020.0,4.0,9.381031,5.394971,2.345258,0.575
2023,Cam Akers,MIN,60.0,167.0,2.8,2.0,0.0,7.0,72.0,,,,12.0,11.0,70.0,6.4,0.0,,,,,,,139.0,20.0,43.0,9.0,51.0,52.0,2.0,1.0,0.074,0.0333,0.0287,0.0,0.0,0.0,0.0,0.0123,1.0,RB,00-0036414,1999-06-22,2.0,52.0,2020.0,2025.0,24.19,2020.0,4.0,9.381031,5.394971,2.345258,0.575
2024,Cam Akers,MIN,104.0,444.0,4.3,2.0,1.0,16.0,72.0,-6.0,-0.06,31.1,18.0,14.0,68.0,4.9,3.0,,,,,,,282.0,19.0,37.0,6.0,42.0,43.0,2.0,1.0,0.125,0.0192,0.0214,1.0,1.0,1.0,0.1667,0.1209,0.0,RB,00-0036414,1999-06-22,2.0,52.0,2020.0,2025.0,25.2,2024.0,1.0,1.385709,0.0,1.385709,0.0
2025,Cam Skattebo,NYG,101.0,410.0,4.1,5.0,1.0,8.0,71.0,43.0,0.43,46.0,32.0,24.0,207.0,8.6,2.0,113.0,1.83,60.0,61.0,45.0,55.0,295.0,37.0,34.0,11.0,42.0,45.0,9.0,4.0,0.45,0.0495,0.0474,0.0,0.0,0.0,0.0625,0.0436,1.0,RB,00-0040715,2002-02-05,4.0,105.0,2025.0,2026.0,23.57,2025.0,4.0,5.688537,1.157592,1.422134,0.203
2018,Carlos Hyde,JAC,172.0,571.0,3.3,5.0,1.0,14.0,,-94.0,-0.58,40.5,16.0,10.0,33.0,3.3,0.0,,,,,,,385.0,28.0,45.0,4.0,47.0,49.0,11.0,5.0,0.55,0.0291,0.0322,0.0,0.0,0.0,0.0,0.0089,0.0,RB,00-0031045,1990-09-20,2.0,57.0,2014.0,2021.0,27.95,2018.0,3.0,25.921558,8.498871,8.640519,0.328
2019,Carlos Hyde,HOU,245.0,1070.0,4.4,6.0,2.0,16.0,,108.0,0.44,38.7,16.0,10.0,42.0,4.2,0.0,,,,,,,529.0,33.0,46.0,3.0,48.0,49.0,9.0,4.0,0.9,0.0245,0.0251,0.0,0.0,0.0,0.0,0.0141,0.0,RB,00-0031045,1990-09-20,2.0,57.0,2014.0,2021.0,28.95,2019.0,1.0,4.48119,2.400638,4.48119,0.536
2020,Carlos Hyde,SEA,81.0,356.0,4.4,4.0,0.0,10.0,70.0,,,,20.0,16.0,93.0,5.8,0.0,,,,,,,261.0,26.0,31.0,8.0,37.0,39.0,5.0,2.0,0.25,0.0494,0.0426,0.0,0.0,0.0,0.0,0.0075,0.0,RB,00-0031045,1990-09-20,2.0,57.0,2014.0,2021.0,29.95,2020.0,1.0,4.179112,0.0,4.179112,0.0
2021,Carlos Hyde,JAC,72.0,253.0,3.5,1.0,2.0,12.0,70.0,,,,22.0,12.0,65.0,5.4,0.0,,,,,,,292.0,24.0,25.0,8.0,29.0,32.0,4.0,1.0,0.267,0.0139,0.0234,0.0,0.0,0.0,0.0,0.0045,0.0,RB,00-0031045,1990-09-20,2.0,57.0,2014.0,2021.0,30.95,2021.0,2.0,7.426849,2.310575,3.713425,0.311
2023,Chase Brown,CIN,44.0,179.0,4.1,0.0,0.0,12.0,67.0,,,,15.0,14.0,156.0,11.1,1.0,,,,,,,93.0,8.0,47.0,16.0,62.0,63.0,0.0,0.0,0.0,0.0,0.0044,0.0,0.0,0.0,0.0667,0.0388,0.0,RB,00-0038597,2000-03-21,5.0,163.0,2023.0,2026.0,23.45,2023.0,4.0,5.528462,0.383408,1.382115,0.069
2024,Chase Brown,CIN,229.0,990.0,4.3,7.0,1.0,16.0,68.0,67.0,0.3,39.3,65.0,54.0,360.0,6.7,4.0,279.0,1.29,56.0,47.0,47.0,49.0,686.0,43.0,33.0,9.0,41.0,43.0,13.0,6.0,0.619,0.0306,0.0333,2.0,3.0,2.0,0.0606,0.0572,0.0,RB,00-0038597,2000-03-21,5.0,163.0,2023.0,2026.0,24.45,2023.0,4.0,5.528462,0.383408,1.382115,0.069
2025,Chase Brown,CIN,232.0,1019.0,4.4,6.0,0.0,17.0,72.0,78.0,0.34,45.3,88.0,69.0,437.0,6.3,5.0,354.0,1.23,61.0,78.0,23.0,45.0,738.0,43.0,31.0,12.0,41.0,43.0,12.0,4.0,0.75,0.0259,0.0278,1.0,2.0,1.0,0.0568,0.0486,0.0,RB,00-0038597,2000-03-21,5.0,163.0,2023.0,2026.0,25.45,2023.0,4.0,5.528462,0.383408,1.382115,0.069
2018,Chase Edmonds,ARI,60.0,208.0,3.5,2.0,0.0,16.0,,,,,23.0,20.0,103.0,5.2,0.0,,,,,,,199.0,12.0,30.0,12.0,40.0,42.0,0.0,0.0,0.0,0.0333,0.0243,0.0,0.0,0.0,0.0,0.0023,0.0,RB,00-0034681,1996-04-13,4.0,134.0,2018.0,2025.0,22.38,2018.0,4.0,4.950348,0.768903,1.237587,0.155
2019,Chase Edmonds,ARI,60.0,303.0,5.1,4.0,0.0,13.0,,,,,21.0,12.0,105.0,8.8,1.0,,,,,,,207.0,16.0,29.0,10.0,35.0,39.0,0.0,0.0,0.0,0.0667,0.0385,1.0,1.0,1.0,0.0476,0.0541,0.0,RB,00-0034681,1996-04-13,4.0,134.0,2018.0,2025.0,23.38,2018.0,4.0,4.950348,0.768903,1.237587,0.155
2020,Chase Edmonds,ARI,97.0,448.0,4.6,1.0,0.0,16.0,72.0,-2.0,-0.02,35.8,67.0,53.0,402.0,7.6,4.0,220.0,1.83,54.0,72.0,53.0,65.0,524.0,33.0,19.0,13.0,29.0,31.0,1.0,0.0,0.043,0.0103,0.0137,2.0,2.0,2.0,0.0588,0.0495,0.0,RB,00-0034681,1996-04-13,4.0,134.0,2018.0,2025.0,24.39,2018.0,4.0,4.950348,0.768903,1.237587,0.155
2021,Chase Edmonds,ARI,116.0,592.0,5.1,2.0,1.0,12.0,70.0,8.0,0.07,33.9,53.0,43.0,311.0,7.2,0.0,179.0,1.74,48.0,60.0,47.0,51.0,476.0,40.0,24.0,11.0,33.0,36.0,5.0,1.0,0.238,0.0172,0.0241,0.0,0.0,0.0,0.0,0.0118,0.0,RB,00-0034681,1996-04-13,4.0,134.0,2018.0,2025.0,25.39,2018.0,4.0,4.950348,0.768903,1.237587,0.155
2022,Chase Edmonds,DEN,68.0,245.0,3.6,2.0,0.0,13.0,74.0,,,,24.0,16.0,157.0,9.8,1.0,140.0,1.12,69.0,43.0,33.0,39.0,297.0,23.0,23.0,8.0,28.0,31.0,2.0,2.0,0.111,0.0294,0.0245,0.0,1.0,0.0,0.0417,0.0407,0.0,RB,00-0034681,1996-04-13,4.0,134.0,2018.0,2025.0,26.38,2022.0,2.0,17.504899,8.824784,8.75245,0.504
2023,Chase Edmonds,TB,49.0,176.0,3.6,0.0,0.0,13.0,72.0,,,,17.0,14.0,81.0,5.8,0.0,,,,,,,156.0,12.0,31.0,11.0,40.0,42.0,0.0,0.0,0.0,0.0,0.0038,0.0,0.0,0.0,0.0,0.0029,0.0,RB,00-0034681,1996-04-13,4.0,134.0,2018.0,2025.0,27.38,2023.0,1.0,1.651375,0.204328,1.651375,0.124
2023,Chris Brooks,MIA,19.0,106.0,5.6,0.0,0.0,3.0,71.0,,,,0.0,0.0,0.0,0.0,0.0,,,,,,,29.0,10.0,66.0,0.0,66.0,66.0,0.0,0.0,0.0,,,0.0,0.0,0.0,,,1.0,RB,00-0038685,2000-01-11,,,2023.0,2026.0,23.64,2023.0,3.0,3.613596,0.026797,1.204532,0.007
2024,Chris Brooks,GB,36.0,183.0,5.1,1.0,0.0,13.0,71.0,,,,13.0,11.0,69.0,6.3,0.0,,,,,,,184.0,14.0,20.0,7.0,26.0,27.0,1.0,1.0,0.036,0.0278,0.0269,0.0,0.0,0.0,0.0,0.0146,0.0,RB,00-0038685,2000-01-11,,,2023.0,2026.0,24.64,2024.0,1.0,0.265348,0.0,0.265348,0.0
2025,Chris Brooks,GB,27.0,106.0,3.9,0.0,0.0,17.0,71.0,,,,3.0,2.0,6.0,3.0,0.0,,,,,,,203.0,12.0,13.0,8.0,20.0,22.0,0.0,0.0,0.0,0.0,0.0055,0.0,0.0,0.0,0.0,0.0132,0.0,RB,00-0038685,2000-01-11,,,2023.0,2026.0,25.64,2024.0,2.0,2.29379,0.0,1.146895,0.0
2018,Chris Carson,SEA,247.0,1151.0,4.7,9.0,2.0,14.0,,110.0,0.45,44.5,24.0,20.0,163.0,8.2,0.0,106.0,1.53,52.0,42.0,37.0,36.0,456.0,33.0,54.0,5.0,59.0,59.0,16.0,7.0,0.8,0.0364,0.0373,0.0,0.0,0.0,0.0,0.0102,0.0,RB,00-0033594,1994-09-16,7.0,249.0,2017.0,2021.0,23.96,2017.0,4.0,4.446109,0.117486,1.111527,0.026
2019,Chris Carson,SEA,278.0,1230.0,4.4,7.0,4.0,15.0,,99.0,0.36,45.0,47.0,37.0,266.0,7.2,2.0,222.0,1.2,32.0,41.0,55.0,43.0,723.0,48.0,38.0,7.0,44.0,45.0,9.0,5.0,0.643,0.0252,0.0251,1.0,1.0,1.0,0.0426,0.0316,0.0,RB,00-0033594,1994-09-16,7.0,249.0,2017.0,2021.0,24.96,2017.0,4.0,4.446109,0.117486,1.111527,0.026
2020,Chris Carson,SEA,141.0,681.0,4.8,5.0,0.0,12.0,70.0,24.0,0.18,43.9,46.0,37.0,287.0,7.8,4.0,166.0,1.76,22.0,58.0,48.0,42.0,404.0,34.0,35.0,11.0,44.0,46.0,8.0,3.0,0.4,0.0355,0.0335,1.0,2.0,1.0,0.087,0.0625,0.0,RB,00-0033594,1994-09-16,7.0,249.0,2017.0,2021.0,25.96,2017.0,4.0,4.446109,0.117486,1.111527,0.026
2021,Chris Carson,SEA,54.0,232.0,4.3,3.0,1.0,4.0,68.0,,,,6.0,6.0,29.0,4.8,0.0,,,,,,,124.0,31.0,44.0,5.0,48.0,48.0,2.0,2.0,0.118,0.0556,0.0397,0.0,0.0,0.0,0.0,0.0026,1.0,RB,00-0033594,1994-09-16,7.0,249.0,2017.0,2021.0,26.96,2021.0,2.0,17.205534,9.07726,8.602767,0.528
2023,Chris Rodriguez Jr.,WAS,51.0,247.0,4.8,2.0,1.0,11.0,75.0,,,,2.0,2.0,12.0,6.0,0.0,,,,,,,97.0,10.0,53.0,2.0,55.0,55.0,3.0,1.0,0.231,0.0392,0.0354,0.0,0.0,0.0,0.0,0.0019,0.0,RB,00-0038611,1999-09-26,6.0,193.0,2023.0,2026.0,23.93,2023.0,4.0,5.383135,0.238082,1.345784,0.044
2024,Chris Rodriguez Jr.,WAS,35.0,173.0,4.9,2.0,0.0,8.0,74.0,,,,1.0,1.0,12.0,12.0,0.0,,,,,,,77.0,11.0,45.0,1.0,47.0,47.0,2.0,1.0,0.091,0.0571,0.0532,0.0,0.0,0.0,0.0,0.0156,0.0,RB,00-0038611,1999-09-26,6.0,193.0,2023.0,2026.0,24.93,2024.0,1.0,0.265348,0.0,0.265348,0.0
2025,Chris Rodriguez Jr.,WAS,112.0,500.0,4.5,6.0,0.0,13.0,70.0,78.0,0.7,45.5,4.0,3.0,30.0,10.0,0.0,,,,,,,255.0,20.0,44.0,2.0,45.0,45.0,10.0,4.0,0.5,0.0536,0.058,0.0,0.0,0.0,0.0,0.0136,0.0,RB,00-0038611,1999-09-26,6.0,193.0,2023.0,2026.0,25.93,2025.0,1.0,1.11116,0.0,1.11116,0.0
2018,Chris Thompson,WAS,43.0,178.0,4.1,0.0,0.0,10.0,,,,,55.0,41.0,268.0,6.5,1.0,164.0,1.63,54.0,46.0,19.0,24.0,310.0,31.0,14.0,18.0,27.0,32.0,2.0,0.0,0.143,0.0,0.0121,0.0,0.0,0.0,0.0182,0.0186,0.0,RB,00-0030404,1990-10-20,5.0,154.0,2013.0,2021.0,27.87,2017.0,2.0,12.62515,8.116168,6.312575,0.643
2019,Chris Thompson,WAS,37.0,138.0,3.7,0.0,0.0,11.0,,,,,58.0,42.0,378.0,9.0,0.0,176.0,2.15,33.0,55.0,52.0,48.0,311.0,28.0,12.0,19.0,25.0,31.0,2.0,0.0,0.167,0.0,0.0167,0.0,1.0,0.0,0.0,0.0118,0.0,RB,00-0030404,1990-10-20,5.0,154.0,2013.0,2021.0,28.87,,,,,,
2020,Chris Thompson,JAC,7.0,20.0,2.9,0.0,0.0,8.0,69.0,,,,23.0,20.0,146.0,7.3,1.0,,,,,,,155.0,19.0,5.0,15.0,17.0,19.0,0.0,0.0,0.0,,,0.0,0.0,0.0,,,0.0,RB,00-0030404,1990-10-20,5.0,154.0,2013.0,2021.0,29.87,2020.0,1.0,2.127548,0.379919,2.127548,0.179
2018,Christian McCaffrey,CAR,219.0,1098.0,5.0,7.0,1.0,16.0,,89.0,0.41,37.9,124.0,107.0,867.0,8.1,6.0,355.0,2.44,63.0,99.0,50.0,83.0,966.0,60.0,23.0,13.0,34.0,36.0,16.0,6.0,0.762,0.032,0.038,1.0,1.0,1.0,0.0484,0.0376,0.0,RB,00-0033280,1996-06-07,1.0,8.0,2017.0,2026.0,22.23,2017.0,4.0,31.096292,31.096292,7.774073,1.0
2019,Christian McCaffrey,CAR,287.0,1387.0,4.8,15.0,0.0,16.0,,212.0,0.74,36.5,142.0,116.0,1005.0,8.7,4.0,439.0,2.29,45.0,65.0,61.0,65.0,1039.0,65.0,28.0,14.0,39.0,41.0,19.0,8.0,0.905,0.0523,0.0465,1.0,2.0,1.0,0.0282,0.0289,0.0,RB,00-0033280,1996-06-07,1.0,8.0,2017.0,2026.0,23.23,2017.0,4.0,31.096292,31.096292,7.774073,1.0
2020,Christian McCaffrey,CAR,59.0,225.0,3.8,5.0,0.0,3.0,72.0,,,,19.0,17.0,149.0,8.8,1.0,,,,,,,171.0,57.0,35.0,11.0,44.0,46.0,4.0,3.0,0.25,0.0847,0.0651,0.0,0.0,0.0,0.0526,0.0383,0.0,RB,00-0033280,1996-06-07,1.0,8.0,2017.0,2026.0,24.24,2020.0,4.0,97.3557,45.685293,24.338925,0.469
2021,Christian McCaffrey,CAR,99.0,442.0,4.5,1.0,0.0,7.0,68.0,-6.0,-0.06,41.1,41.0,37.0,343.0,9.3,1.0,90.0,3.81,61.0,92.0,58.0,81.0,272.0,39.0,36.0,15.0,50.0,51.0,3.0,0.0,0.375,0.0101,0.0184,0.0,0.0,0.0,0.0244,0.0184,1.0,RB,00-0033280,1996-06-07,1.0,8.0,2017.0,2026.0,25.23,2020.0,4.0,97.3557,45.685293,24.338925,0.469
2022,Christian McCaffrey,SF,244.0,1139.0,4.7,8.0,0.0,17.0,71.0,47.0,0.2,36.7,108.0,85.0,741.0,8.7,5.0,397.0,2.02,45.0,99.0,58.0,87.0,777.0,46.0,31.0,14.0,42.0,45.0,11.0,5.0,0.579,0.0328,0.0322,1.0,2.0,1.0,0.0463,0.0357,0.0,RB,00-0033280,1996-06-07,1.0,8.0,2017.0,2026.0,26.23,2020.0,4.0,97.3557,45.685293,24.338925,0.469
2023,Christian McCaffrey,SF,272.0,1459.0,5.4,14.0,2.0,16.0,69.0,355.0,1.34,46.8,83.0,67.0,564.0,8.4,7.0,445.0,1.61,52.0,99.0,57.0,96.0,812.0,51.0,33.0,10.0,42.0,44.0,18.0,9.0,0.75,0.0515,0.0463,3.0,5.0,3.0,0.0843,0.0702,0.0,RB,00-0033280,1996-06-07,1.0,8.0,2017.0,2026.0,27.23,2020.0,4.0,97.3557,45.685293,24.338925,0.469
2024,Christian McCaffrey,SF,50.0,202.0,4.0,0.0,1.0,4.0,71.0,,,,19.0,15.0,146.0,9.7,0.0,,,,,,,167.0,42.0,30.0,11.0,39.0,41.0,1.0,0.0,0.053,0.0,0.0079,0.0,0.0,0.0,0.0,0.0165,1.0,RB,00-0033280,1996-06-07,1.0,8.0,2017.0,2026.0,28.24,2024.0,2.0,44.814409,28.303837,22.407204,0.632
2025,Christian McCaffrey,SF,311.0,1202.0,3.9,10.0,0.0,17.0,72.0,-166.0,-0.54,34.4,129.0,102.0,924.0,9.1,7.0,494.0,2.08,59.0,99.0,51.0,99.0,932.0,55.0,33.0,14.0,44.0,47.0,20.0,9.0,0.87,0.0322,0.0356,3.0,4.0,3.0,0.0543,0.0521,0.0,RB,00-0033280,1996-06-07,1.0,8.0,2017.0,2026.0,29.23,2024.0,2.0,44.814409,28.303837,22.407204,0.632
2021,Chuba Hubbard,CAR,172.0,612.0,3.6,5.0,1.0,16.0,68.0,-101.0,-0.6,35.1,37.0,25.0,174.0,7.0,1.0,123.0,1.41,54.0,26.0,38.0,29.0,464.0,29.0,37.0,8.0,42.0,45.0,5.0,2.0,0.625,0.0291,0.0255,0.0,1.0,0.0,0.027,0.0309,0.0,RB,00-0036555,1999-06-11,4.0,126.0,2021.0,2026.0,22.23,2021.0,4.0,6.920457,1.177027,1.730109,0.17
2022,Chuba Hubbard,CAR,95.0,466.0,4.9,2.0,1.0,14.0,72.0,35.0,0.37,37.9,17.0,14.0,171.0,12.2,0.0,,,,,,,264.0,19.0,36.0,6.0,41.0,42.0,1.0,1.0,0.071,0.0211,0.0201,0.0,0.0,0.0,0.0,0.0046,0.0,RB,00-0036555,1999-06-11,4.0,126.0,2021.0,2026.0,23.23,2021.0,4.0,6.920457,1.177027,1.730109,0.17
2023,Chuba Hubbard,CAR,238.0,902.0,3.8,5.0,0.0,17.0,72.0,46.0,0.19,44.5,44.0,39.0,233.0,6.0,0.0,246.0,0.95,75.0,99.0,38.0,73.0,679.0,40.0,35.0,6.0,41.0,42.0,11.0,4.0,0.733,0.021,0.0245,0.0,0.0,0.0,0.0,0.0037,0.0,RB,00-0036555,1999-06-11,4.0,126.0,2021.0,2026.0,24.22,2021.0,4.0,6.920457,1.177027,1.730109,0.17
2024,Chuba Hubbard,CAR,250.0,1195.0,4.8,10.0,3.0,15.0,72.0,270.0,1.11,51.0,54.0,43.0,171.0,4.0,1.0,296.0,0.58,44.0,63.0,31.0,38.0,712.0,47.0,35.0,8.0,41.0,43.0,21.0,7.0,0.913,0.04,0.041,0.0,0.0,0.0,0.0185,0.0243,0.0,RB,00-0036555,1999-06-11,4.0,126.0,2021.0,2026.0,25.23,2024.0,4.0,39.153641,14.220319,9.78841,0.363
2025,Chuba Hubbard,CAR,134.0,511.0,3.8,1.0,1.0,15.0,70.0,-39.0,-0.3,38.6,39.0,30.0,223.0,7.4,3.0,213.0,1.11,71.0,46.0,68.0,71.0,432.0,29.0,31.0,9.0,38.0,40.0,1.0,1.0,0.1,0.0075,0.0109,3.0,3.0,1.0,0.0769,0.07,0.0,RB,00-0036555,1999-06-11,4.0,126.0,2021.0,2026.0,26.23,2024.0,4.0,39.153641,14.220319,9.78841,0.363
2020,Clyde Edwards-Helaire,KC,181.0,803.0,4.4,4.0,0.0,13.0,67.0,-111.0,-0.63,33.5,54.0,36.0,297.0,8.3,1.0,269.0,1.19,23.0,25.0,68.0,43.0,501.0,42.0,33.0,10.0,40.0,43.0,9.0,1.0,1.0,0.0221,0.0268,1.0,2.0,1.0,0.0182,0.0276,0.0,RB,00-0036360,1999-04-11,1.0,32.0,2020.0,2025.0,21.39,2020.0,4.0,16.445301,15.129677,4.111325,0.92
2021,Clyde Edwards-Helaire,KC,119.0,517.0,4.3,4.0,2.0,10.0,74.0,-40.0,-0.34,39.8,23.0,19.0,129.0,6.8,2.0,,,,,,,342.0,34.0,35.0,7.0,40.0,42.0,3.0,3.0,0.15,0.0336,0.0268,1.0,1.0,1.0,0.087,0.0631,0.0,RB,00-0036360,1999-04-11,1.0,32.0,2020.0,2025.0,22.39,2020.0,4.0,16.445301,15.129677,4.111325,0.92
2022,Clyde Edwards-Helaire,KC,71.0,302.0,4.3,3.0,0.0,10.0,74.0,,,,23.0,17.0,151.0,8.9,3.0,,,,,,,224.0,22.0,32.0,10.0,39.0,42.0,4.0,2.0,0.222,0.0423,0.0366,4.0,4.0,3.0,0.1304,0.118,1.0,RB,00-0036360,1999-04-11,1.0,32.0,2020.0,2025.0,23.39,2020.0,4.0,16.445301,15.129677,4.111325,0.92
2023,Clyde Edwards-Helaire,KC,70.0,223.0,3.2,1.0,0.0,15.0,75.0,,,,22.0,17.0,188.0,11.1,1.0,,,,,,,227.0,15.0,31.0,10.0,38.0,41.0,2.0,1.0,0.182,0.0143,0.018,0.0,1.0,0.0,0.0455,0.0627,0.0,RB,00-0036360,1999-04-11,1.0,32.0,2020.0,2025.0,24.39,2020.0,4.0,16.445301,15.129677,4.111325,0.92
2018,Cordarrelle Patterson,NE,42.0,228.0,5.4,1.0,1.0,15.0,,,,,28.0,21.0,247.0,11.8,3.0,,,,,,,230.0,15.0,18.0,12.0,27.0,30.0,4.0,1.0,0.129,0.0238,0.0363,1.0,2.0,1.0,0.1071,0.0747,0.0,RB,00-0030578,1991-03-17,1.0,29.0,2013.0,2024.0,27.46,2017.0,2.0,15.330539,9.017964,7.665269,0.588
2019,Cordarrelle Patterson,CHI,17.0,103.0,6.1,0.0,0.0,16.0,,,,,17.0,11.0,83.0,7.5,0.0,,,,,,,203.0,13.0,8.0,8.0,14.0,17.0,0.0,0.0,0.0,,,2.0,2.0,0.0,,,0.0,RB,00-0030578,1991-03-17,1.0,29.0,2013.0,2024.0,28.46,2019.0,2.0,16.004251,8.002125,8.002125,0.5
2020,Cordarrelle Patterson,CHI,64.0,232.0,3.6,1.0,0.0,16.0,71.0,,,,25.0,21.0,132.0,6.3,0.0,,,,,,,188.0,13.0,32.0,11.0,42.0,44.0,2.0,1.0,0.125,0.0156,0.0199,0.0,0.0,0.0,0.0,0.0069,0.0,RB,00-0030578,1991-03-17,1.0,29.0,2013.0,2024.0,29.46,2019.0,2.0,16.004251,8.002125,8.002125,0.5
2021,Cordarrelle Patterson,ATL,153.0,618.0,4.0,6.0,0.0,16.0,67.0,-9.0,-0.06,35.8,69.0,52.0,548.0,10.5,5.0,195.0,2.81,54.0,70.0,80.0,86.0,473.0,30.0,32.0,15.0,44.0,47.0,7.0,2.0,0.636,0.0392,0.0358,0.0,1.0,0.0,0.0725,0.0508,0.0,RB,00-0030578,1991-03-17,1.0,29.0,2013.0,2024.0,30.46,2021.0,1.0,4.951233,2.805699,4.951233,0.567
2022,Cordarrelle Patterson,ATL,144.0,695.0,4.8,8.0,1.0,13.0,71.0,87.0,0.62,45.3,31.0,21.0,122.0,5.8,0.0,148.0,0.82,46.0,46.0,42.0,40.0,382.0,29.0,38.0,8.0,43.0,46.0,7.0,5.0,0.368,0.0556,0.0461,0.0,1.0,0.0,0.0,0.0154,0.0,RB,00-0030578,1991-03-17,1.0,29.0,2013.0,2024.0,31.46,2022.0,2.0,15.190202,7.233429,7.595101,0.476
2023,Cordarrelle Patterson,ATL,50.0,181.0,3.6,0.0,0.0,12.0,72.0,,,,12.0,9.0,38.0,4.2,1.0,,,,,,,168.0,14.0,30.0,7.0,35.0,37.0,1.0,0.0,0.1,0.0,0.0148,1.0,1.0,1.0,0.0833,0.0655,0.0,RB,00-0030578,1991-03-17,1.0,29.0,2013.0,2024.0,32.46,2022.0,2.0,15.190202,7.233429,7.595101,0.476
2024,Cordarrelle Patterson,PIT,32.0,135.0,4.2,0.0,1.0,13.0,71.0,,,,14.0,12.0,80.0,6.7,1.0,,,,,,,110.0,8.0,29.0,13.0,40.0,42.0,1.0,0.0,0.059,0.0,0.0089,0.0,0.0,0.0,0.0714,0.0501,0.0,RB,00-0030578,1991-03-17,1.0,29.0,2013.0,2024.0,33.46,2024.0,2.0,7.075959,2.24072,3.53798,0.317
2018,Corey Clement,PHI,68.0,259.0,3.8,2.0,0.0,11.0,,,,,25.0,22.0,192.0,8.7,0.0,,,,,,,238.0,22.0,29.0,11.0,38.0,39.0,1.0,1.0,0.083,0.0294,0.0252,1.0,1.0,0.0,0.0,0.014,1.0,RB,00-0033725,1994-11-02,,,2017.0,2023.0,23.83,2017.0,3.0,3.021018,0.063126,1.007005,0.021
2019,Corey Clement,PHI,0.0,0.0,0.0,0.0,2.0,4.0,,,,,0.0,0.0,0.0,0.0,0.0,,,,,,,3.0,1.0,0.0,0.0,0.0,0.0,0.0,0.0,0.0,,,0.0,0.0,0.0,,,1.0,RB,00-0033725,1994-11-02,,,2017.0,2023.0,24.83,2017.0,3.0,3.021018,0.063126,1.007005,0.021
2020,Corey Clement,PHI,21.0,75.0,3.6,1.0,0.0,15.0,73.0,,,,6.0,5.0,25.0,5.0,0.0,,,,,,,107.0,7.0,20.0,6.0,24.0,25.0,1.0,1.0,0.048,,,0.0,0.0,0.0,,,0.0,RB,00-0033725,1994-11-02,,,2017.0,2023.0,25.83,2020.0,1.0,1.253734,0.0,1.253734,0.0
2021,Corey Clement,DAL,33.0,140.0,4.2,0.0,0.0,11.0,73.0,,,,7.0,6.0,29.0,4.8,1.0,,,,,,,77.0,7.0,43.0,9.0,51.0,52.0,0.0,0.0,0.0,0.0,0.0053,0.0,0.0,0.0,0.1429,0.1054,0.0,RB,00-0033725,1994-11-02,,,2017.0,2023.0,26.83,2021.0,1.0,1.633907,0.0,1.633907,0.0
2019,Craig Reynolds,WAS,0.0,0.0,0.0,0.0,0.0,3.0,,,,,0.0,0.0,0.0,0.0,0.0,,,,,,,,,,,,,0.0,0.0,0.0,,,0.0,0.0,0.0,,,0.0,RB,00-0035567,1996-06-15,,,2019.0,2026.0,23.21,2019.0,2.0,1.728459,0.0,0.86423,0.0
2020,Craig Reynolds,JAC,1.0,4.0,4.0,0.0,0.0,2.0,69.0,,,,1.0,1.0,3.0,3.0,0.0,,,,,,,3.0,2.0,33.0,33.0,67.0,67.0,0.0,0.0,0.0,,,0.0,0.0,0.0,,,0.0,RB,00-0035567,1996-06-15,,,2019.0,2026.0,24.21,2020.0,1.0,0.098636,0.0,0.098636,0.0
2021,Craig Reynolds,DET,55.0,230.0,4.2,0.0,0.0,5.0,70.0,,,,8.0,7.0,52.0,7.4,0.0,,,,,,,118.0,24.0,47.0,7.0,53.0,53.0,1.0,0.0,0.083,0.0,0.0112,0.0,0.0,0.0,0.0,0.0087,0.0,RB,00-0035567,1996-06-15,,,2019.0,2026.0,25.21,2021.0,1.0,0.273308,0.0,0.273308,0.0
2022,Craig Reynolds,DET,23.0,102.0,4.4,0.0,0.0,7.0,72.0,,,,10.0,9.0,116.0,12.9,0.0,,,,,,,103.0,15.0,22.0,10.0,31.0,32.0,0.0,0.0,0.0,,,0.0,0.0,0.0,,,0.0,RB,00-0035567,1996-06-15,,,2019.0,2026.0,26.21,2021.0,2.0,2.995496,0.0,1.497748,0.0
2023,Craig Reynolds,DET,41.0,179.0,4.4,1.0,2.0,15.0,73.0,,,,5.0,5.0,47.0,9.4,0.0,,,,,,,132.0,9.0,31.0,4.0,35.0,35.0,4.0,1.0,0.129,0.0244,0.0358,0.0,0.0,0.0,0.0,0.0034,0.0,RB,00-0035567,1996-06-15,,,2019.0,2026.0,27.21,2023.0,1.0,1.447046,0.0,1.447046,0.0
2024,Craig Reynolds,DET,31.0,139.0,4.5,0.0,0.0,14.0,72.0,,,,5.0,3.0,40.0,13.3,0.0,,,,,,,96.0,7.0,32.0,5.0,35.0,38.0,0.0,0.0,0.0,0.0,0.0037,0.0,0.0,0.0,0.0,0.0042,0.0,RB,00-0035567,1996-06-15,,,2019.0,2026.0,28.21,2024.0,1.0,1.326742,0.0,1.326742,0.0
2020,D'Andre Swift,DET,114.0,521.0,4.6,8.0,2.0,13.0,70.0,11.0,0.1,33.3,57.0,46.0,357.0,7.8,2.0,173.0,2.06,63.0,42.0,52.0,53.0,386.0,30.0,30.0,15.0,41.0,44.0,9.0,5.0,0.3,0.0702,0.0605,0.0,0.0,0.0,0.0351,0.0326,0.0,RB,00-0036275,1999-01-14,2.0,35.0,2020.0,2026.0,21.63,2020.0,4.0,12.976398,9.583652,3.2441,0.739
2021,D'Andre Swift,DET,151.0,617.0,4.1,5.0,1.0,13.0,70.0,-59.0,-0.39,31.1,78.0,62.0,452.0,7.3,2.0,233.0,1.94,67.0,37.0,53.0,52.0,560.0,43.0,27.0,14.0,38.0,41.0,6.0,2.0,0.5,0.0331,0.0297,0.0,1.0,0.0,0.0256,0.0249,0.0,RB,00-0036275,1999-01-14,2.0,35.0,2020.0,2026.0,22.63,2020.0,4.0,12.976398,9.583652,3.2441,0.739
2022,D'Andre Swift,DET,99.0,542.0,5.5,5.0,0.0,14.0,72.0,37.0,0.38,37.5,70.0,48.0,389.0,8.1,3.0,201.0,1.94,69.0,49.0,59.0,63.0,393.0,28.0,25.0,18.0,37.0,43.0,4.0,2.0,0.118,0.0495,0.0416,0.0,1.0,0.0,0.0429,0.0381,0.0,RB,00-0036275,1999-01-14,2.0,35.0,2020.0,2026.0,23.63,2020.0,4.0,12.976398,9.583652,3.2441,0.739
2023,D'Andre Swift,PHI,229.0,1049.0,4.6,5.0,1.0,16.0,73.0,-65.0,-0.29,36.9,49.0,39.0,214.0,5.5,1.0,236.0,1.04,32.0,53.0,32.0,29.0,630.0,39.0,36.0,8.0,43.0,44.0,14.0,4.0,0.778,0.0218,0.029,0.0,0.0,0.0,0.0204,0.0199,0.0,RB,00-0036275,1999-01-14,2.0,35.0,2020.0,2026.0,24.63,2020.0,4.0,12.976398,9.583652,3.2441,0.739
2024,D'Andre Swift,CHI,253.0,959.0,3.8,6.0,0.0,17.0,73.0,-174.0,-0.69,28.8,52.0,42.0,386.0,9.2,0.0,277.0,1.39,50.0,68.0,63.0,70.0,751.0,44.0,34.0,7.0,39.0,41.0,9.0,2.0,0.409,0.0237,0.024,0.0,0.0,0.0,0.0,0.003,0.0,RB,00-0036275,1999-01-14,2.0,35.0,2020.0,2026.0,25.63,2024.0,3.0,28.303837,16.510572,9.434612,0.583
2025,D'Andre Swift,CHI,223.0,1087.0,4.9,9.0,2.0,16.0,74.0,128.0,0.58,48.6,48.0,34.0,299.0,8.8,1.0,302.0,1.12,63.0,77.0,46.0,64.0,621.0,39.0,36.0,8.0,41.0,44.0,13.0,5.0,0.565,0.0404,0.0382,0.0,0.0,0.0,0.0208,0.0147,0.0,RB,00-0036275,1999-01-14,2.0,35.0,2020.0,2026.0,26.63,2024.0,3.0,28.303837,16.510572,9.434612,0.583
2019,D'Ernest Johnson,CLE,4.0,21.0,5.3,0.0,0.0,16.0,,,,,7.0,6.0,71.0,11.8,0.0,,,,,,,44.0,3.0,9.0,16.0,23.0,25.0,0.0,0.0,0.0,,,0.0,0.0,0.0,,,0.0,RB,00-0035628,1996-02-27,,,2019.0,2026.0,23.51,2019.0,3.0,2.808746,0.0,0.936249,0.0
2020,D'Ernest Johnson,CLE,33.0,166.0,5.0,0.0,0.0,16.0,71.0,,,,4.0,3.0,14.0,4.7,0.0,,,,,,,81.0,5.0,41.0,5.0,44.0,46.0,0.0,0.0,0.0,0.0,0.0025,0.0,0.0,0.0,0.0,0.0266,0.0,RB,00-0035628,1996-02-27,,,2019.0,2026.0,24.51,2019.0,3.0,2.808746,0.0,0.936249,0.0
2021,D'Ernest Johnson,CLE,100.0,534.0,5.3,3.0,0.0,13.0,72.0,140.0,1.42,58.6,25.0,19.0,137.0,7.2,0.0,,,,,,,322.0,25.0,31.0,8.0,37.0,39.0,1.0,1.0,0.056,0.03,0.0267,0.0,0.0,0.0,0.0,0.0052,0.0,RB,00-0035628,1996-02-27,,,2019.0,2026.0,25.51,2019.0,3.0,2.808746,0.0,0.936249,0.0
2022,D'Ernest Johnson,CLE,4.0,17.0,4.3,0.0,0.0,10.0,72.0,,,,3.0,3.0,7.0,2.3,0.0,,,,,,,35.0,6.0,11.0,9.0,20.0,20.0,0.0,0.0,0.0,,,0.0,0.0,0.0,,,0.0,RB,00-0035628,1996-02-27,,,2019.0,2026.0,26.51,2022.0,1.0,1.759893,1.273988,1.759893,0.724
2023,D'Ernest Johnson,JAC,41.0,108.0,2.6,0.0,0.0,16.0,70.0,,,,12.0,10.0,140.0,14.0,0.0,,,,,,,192.0,12.0,21.0,6.0,27.0,28.0,0.0,0.0,0.0,0.0,0.0069,0.0,0.0,0.0,0.0,0.0023,0.0,RB,00-0035628,1996-02-27,,,2019.0,2026.0,27.51,2023.0,1.0,1.651375,0.334964,1.651375,0.203
2024,D'Ernest Johnson,JAC,32.0,143.0,4.5,0.0,0.0,12.0,70.0,,,,19.0,12.0,96.0,8.0,0.0,,,,,,,188.0,16.0,17.0,10.0,23.0,27.0,1.0,0.0,0.071,0.0,0.0144,0.0,0.0,0.0,0.0,0.0123,0.0,RB,00-0035628,1996-02-27,,,2019.0,2026.0,28.51,2024.0,1.0,1.503641,0.265348,1.503641,0.176
2018,D'Onta Foreman,HOU,7.0,-1.0,-0.1,0.0,0.0,1.0,,,,,2.0,2.0,28.0,14.0,1.0,,,,,,,31.0,31.0,23.0,6.0,29.0,29.0,0.0,0.0,0.0,,,0.0,0.0,0.0,,,0.0,RB,00-0033925,1996-04-24,3.0,89.0,2017.0,2024.0,22.35,2017.0,4.0,5.879684,1.3698,1.469921,0.233
2020,D'Onta Foreman,TEN,22.0,95.0,4.3,0.0,0.0,6.0,70.0,,,,1.0,1.0,5.0,5.0,1.0,,,,,,,29.0,5.0,76.0,3.0,79.0,79.0,0.0,0.0,0.0,,,1.0,1.0,1.0,,,0.0,RB,00-0033925,1996-04-24,3.0,89.0,2017.0,2024.0,24.36,2020.0,1.0,1.139758,0.0,1.139758,0.0
2021,D'Onta Foreman,TEN,133.0,566.0,4.3,3.0,1.0,9.0,69.0,11.0,0.08,33.1,11.0,9.0,123.0,13.7,0.0,,,,,,,230.0,26.0,58.0,5.0,62.0,63.0,6.0,2.0,0.353,0.0226,0.0264,0.0,0.0,0.0,0.0,0.014,0.0,RB,00-0033925,1996-04-24,3.0,89.0,2017.0,2024.0,25.36,2021.0,1.0,0.415904,0.0,0.415904,0.0
2022,D'Onta Foreman,CAR,203.0,914.0,4.5,5.0,0.0,16.0,72.0,122.0,0.61,47.5,9.0,5.0,26.0,5.2,0.0,,,,,,,349.0,22.0,58.0,3.0,60.0,61.0,10.0,3.0,0.714,0.0246,0.028,0.0,0.0,0.0,0.0,0.008,0.0,RB,00-0033925,1996-04-24,3.0,89.0,2017.0,2024.0,26.35,2022.0,1.0,2.893372,1.359885,2.893372,0.47
2023,D'Onta Foreman,CHI,109.0,425.0,3.9,4.0,0.0,9.0,75.0,-11.0,-0.1,42.6,16.0,11.0,77.0,7.0,1.0,,,,,,,269.0,30.0,41.0,6.0,45.0,46.0,7.0,4.0,0.467,0.0367,0.0355,1.0,1.0,1.0,0.0625,0.0567,0.0,RB,00-0033925,1996-04-24,3.0,89.0,2017.0,2024.0,27.35,2023.0,1.0,2.679715,1.339858,2.679715,0.5
2024,D'Onta Foreman,CLE,71.0,232.0,3.3,0.0,1.0,10.0,72.0,,,,8.0,6.0,54.0,9.0,0.0,,,,,,,194.0,19.0,37.0,4.0,40.0,41.0,6.0,0.0,0.4,0.0,0.0217,0.0,0.0,0.0,0.0,0.0035,0.0,RB,00-0033925,1996-04-24,3.0,89.0,2017.0,2024.0,28.36,2024.0,1.0,1.52428,0.395074,1.52428,0.259
2025,DJ Giddens,IND,26.0,96.0,3.7,0.0,0.0,9.0,73.0,,,,2.0,0.0,0.0,0.0,0.0,,,,,,,70.0,8.0,37.0,3.0,37.0,40.0,1.0,0.0,0.042,0.0,0.0132,0.0,0.0,0.0,0.0,0.0764,0.0,RB,00-0040179,2003-08-26,5.0,151.0,2025.0,2026.0,22.02,2025.0,4.0,4.989158,0.458212,1.247289,0.092
2018,Dalvin Cook,MIN,133.0,615.0,4.6,2.0,2.0,11.0,,21.0,0.16,32.1,49.0,40.0,305.0,7.6,2.0,146.0,2.09,51.0,47.0,64.0,61.0,491.0,45.0,27.0,10.0,35.0,37.0,2.0,0.0,0.25,0.015,0.0174,0.0,0.0,0.0,0.0408,0.0299,0.0,RB,00-0033893,1995-08-10,2.0,41.0,2017.0,2024.0,23.06,2017.0,4.0,11.458784,7.177172,2.864697,0.626
2019,Dalvin Cook,MIN,250.0,1135.0,4.5,13.0,2.0,14.0,,93.0,0.38,42.0,63.0,53.0,519.0,9.8,0.0,212.0,2.66,50.0,53.0,74.0,72.0,604.0,43.0,41.0,10.0,50.0,52.0,21.0,9.0,0.778,0.052,0.0489,0.0,0.0,0.0,0.0,0.0066,0.0,RB,00-0033893,1995-08-10,2.0,41.0,2017.0,2024.0,24.06,2017.0,4.0,11.458784,7.177172,2.864697,0.626
2020,Dalvin Cook,MIN,312.0,1557.0,5.0,16.0,3.0,14.0,70.0,171.0,0.55,41.9,54.0,44.0,361.0,8.2,1.0,189.0,1.91,46.0,49.0,60.0,56.0,669.0,48.0,47.0,8.0,53.0,55.0,26.0,10.0,0.813,0.0513,0.0485,0.0,0.0,0.0,0.0185,0.0152,0.0,RB,00-0033893,1995-08-10,2.0,41.0,2017.0,2024.0,25.06,2020.0,5.0,95.739657,24.818395,19.147931,0.259
2021,Dalvin Cook,MIN,249.0,1159.0,4.7,6.0,2.0,13.0,71.0,38.0,0.16,38.0,49.0,34.0,224.0,6.6,0.0,179.0,1.25,44.0,31.0,44.0,34.0,608.0,47.0,41.0,8.0,47.0,49.0,15.0,3.0,0.682,0.0241,0.0304,0.0,0.0,0.0,0.0,0.0057,0.0,RB,00-0033893,1995-08-10,2.0,41.0,2017.0,2024.0,26.06,2020.0,5.0,95.739657,24.818395,19.147931,0.259
2022,Dalvin Cook,MIN,264.0,1173.0,4.4,8.0,4.0,17.0,71.0,-21.0,-0.08,32.2,56.0,39.0,295.0,7.6,2.0,339.0,0.9,63.0,41.0,30.0,33.0,841.0,49.0,31.0,7.0,36.0,38.0,16.0,6.0,0.8,0.0302,0.033,0.0,1.0,0.0,0.0357,0.0379,0.0,RB,00-0033893,1995-08-10,2.0,41.0,2017.0,2024.0,27.06,2020.0,5.0,95.739657,24.818395,19.147931,0.259
2023,Dalvin Cook,NYJ,67.0,214.0,3.2,0.0,2.0,14.0,68.0,,,,20.0,15.0,78.0,5.2,0.0,,,,,,,197.0,14.0,34.0,10.0,42.0,44.0,1.0,0.0,0.333,0.0,0.0076,0.0,0.0,0.0,0.0,0.0021,0.0,RB,00-0033893,1995-08-10,2.0,41.0,2017.0,2024.0,28.06,2023.0,1.0,0.496819,0.0,0.496819,0.0
2022,Dameon Pierce,HOU,220.0,939.0,4.3,4.0,2.0,13.0,70.0,45.0,0.2,37.3,39.0,30.0,165.0,5.5,1.0,143.0,1.15,67.0,53.0,43.0,52.0,508.0,39.0,43.0,8.0,49.0,51.0,9.0,3.0,0.643,0.0182,0.0223,1.0,1.0,1.0,0.0256,0.0221,1.0,RB,00-0037258,2000-02-19,4.0,107.0,2022.0,2026.0,22.53,2022.0,4.0,6.510711,1.179674,1.627678,0.181
2023,Dameon Pierce,HOU,145.0,416.0,2.9,2.0,0.0,14.0,68.0,-83.0,-0.59,32.6,17.0,13.0,101.0,7.8,0.0,,,,,,,298.0,23.0,49.0,6.0,53.0,54.0,9.0,2.0,0.474,0.0138,0.0241,0.0,0.0,0.0,0.0,0.0068,0.0,RB,00-0037258,2000-02-19,4.0,107.0,2022.0,2026.0,23.53,2022.0,4.0,6.510711,1.179674,1.627678,0.181
2024,Dameon Pierce,HOU,40.0,293.0,7.3,2.0,0.0,11.0,68.0,,,,4.0,2.0,2.0,1.0,0.0,,,,,,,111.0,11.0,36.0,4.0,38.0,40.0,0.0,0.0,0.0,0.05,0.0304,0.0,0.0,0.0,0.0,0.0099,0.0,RB,00-0037258,2000-02-19,4.0,107.0,2022.0,2026.0,24.53,2022.0,4.0,6.510711,1.179674,1.627678,0.181
2019,Damien Harris,NE,4.0,12.0,3.0,0.0,0.0,2.0,,,,,0.0,0.0,0.0,0.0,0.0,,,,,,,5.0,3.0,80.0,0.0,80.0,80.0,0.0,0.0,0.0,,,0.0,0.0,0.0,,,1.0,RB,00-0035657,1997-02-11,3.0,87.0,2019.0,2023.0,22.55,2019.0,4.0,5.811361,1.418194,1.45284,0.244
2020,Damien Harris,NE,137.0,691.0,5.0,2.0,0.0,10.0,72.0,40.0,0.29,40.9,7.0,5.0,52.0,10.4,0.0,,,,,,,228.0,25.0,53.0,3.0,55.0,56.0,3.0,0.0,0.3,0.0146,0.0188,0.0,0.0,0.0,0.0,0.0075,0.0,RB,00-0035657,1997-02-11,3.0,87.0,2019.0,2023.0,23.55,2019.0,4.0,5.811361,1.418194,1.45284,0.244
2021,Damien Harris,NE,203.0,929.0,4.6,15.0,2.0,15.0,70.0,111.0,0.57,42.3,21.0,18.0,132.0,7.3,0.0,,,,,,,407.0,27.0,50.0,5.0,54.0,55.0,15.0,8.0,0.577,0.0739,0.0604,0.0,0.0,0.0,0.0,0.0103,0.0,RB,00-0035657,1997-02-11,3.0,87.0,2019.0,2023.0,24.55,2019.0,4.0,5.811361,1.418194,1.45284,0.244
2022,Damien Harris,NE,106.0,462.0,4.4,3.0,0.0,11.0,68.0,33.0,0.32,47.2,23.0,17.0,97.0,5.7,0.0,81.0,1.2,47.0,50.0,45.0,45.0,238.0,22.0,45.0,10.0,52.0,54.0,4.0,3.0,0.222,0.0283,0.0266,0.0,1.0,0.0,0.0,0.0402,0.0,RB,00-0035657,1997-02-11,3.0,87.0,2019.0,2023.0,25.55,2019.0,4.0,5.811361,1.418194,1.45284,0.244
2018,Damien Williams,KC,50.0,256.0,5.1,4.0,1.0,16.0,,,,,24.0,23.0,160.0,7.0,2.0,126.0,1.99,48.0,63.0,56.0,61.0,207.0,13.0,24.0,12.0,35.0,36.0,4.0,3.0,0.2,0.08,0.0717,3.0,3.0,2.0,0.0833,0.0819,0.0,RB,00-0030874,1992-04-03,,,2014.0,2023.0,26.41,2018.0,1.0,2.039729,0.101986,2.039729,0.05
2019,Damien Williams,KC,111.0,498.0,4.5,5.0,1.0,11.0,,59.0,0.54,33.6,37.0,30.0,213.0,7.1,2.0,231.0,1.33,36.0,58.0,53.0,51.0,367.0,33.0,30.0,10.0,38.0,40.0,3.0,2.0,0.176,0.045,0.0343,1.0,2.0,0.0,0.0541,0.0489,0.0,RB,00-0030874,1992-04-03,,,2014.0,2023.0,27.41,2018.0,2.0,8.668849,2.719639,4.334424,0.314
2021,Damien Williams,CHI,40.0,164.0,4.1,2.0,0.0,12.0,71.0,,,,23.0,16.0,103.0,6.4,1.0,,,,,,,166.0,14.0,24.0,14.0,34.0,38.0,4.0,2.0,0.2,0.05,0.05,0.0,0.0,0.0,0.0435,0.0294,0.0,RB,00-0030874,1992-04-03,,,2014.0,2023.0,29.41,2021.0,1.0,2.475616,1.650411,2.475616,0.667
2018,Dare Ogunbowale,TB,0.0,0.0,0.0,0.0,0.0,2.0,,,,,0.0,0.0,0.0,0.0,0.0,,,,,,,2.0,1.0,0.0,0.0,0.0,0.0,0.0,0.0,0.0,,,0.0,0.0,0.0,,,0.0,RB,00-0033854,1994-05-04,,,2017.0,2026.0,24.33,2018.0,2.0,1.784763,0.0,0.892381,0.0
2019,Dare Ogunbowale,TB,11.0,17.0,1.5,2.0,1.0,16.0,,,,,46.0,35.0,286.0,8.2,0.0,161.0,1.78,59.0,56.0,21.0,32.0,361.0,23.0,3.0,13.0,13.0,16.0,7.0,2.0,0.333,,,0.0,2.0,0.0,,,0.0,RB,00-0033854,1994-05-04,,,2017.0,2026.0,25.33,2019.0,2.0,1.728459,0.0,0.86423,0.0
2020,Dare Ogunbowale,JAC,32.0,145.0,4.5,0.0,0.0,14.0,69.0,,,,20.0,10.0,54.0,5.4,0.0,,,,,,,186.0,13.0,17.0,11.0,23.0,28.0,1.0,0.0,0.143,0.0,0.0097,0.0,0.0,0.0,0.0,0.0033,0.0,RB,00-0033854,1994-05-04,,,2017.0,2026.0,26.33,2020.0,1.0,1.025782,0.0,1.025782,0.0
2021,Dare Ogunbowale,JAC,43.0,137.0,3.2,1.0,0.0,13.0,70.0,,,,21.0,13.0,114.0,8.8,1.0,,,,,,,183.0,14.0,23.0,11.0,31.0,35.0,1.0,1.0,0.067,0.0233,0.022,0.0,1.0,0.0,0.0476,0.047,0.0,RB,00-0033854,1994-05-04,,,2017.0,2026.0,27.33,2021.0,1.0,1.402849,0.0,1.402849,0.0
2022,Dare Ogunbowale,HOU,42.0,123.0,2.9,1.0,0.0,15.0,70.0,,,,26.0,20.0,104.0,5.2,0.0,,,,,,,183.0,14.0,23.0,14.0,34.0,37.0,2.0,1.0,0.143,0.0238,0.0275,0.0,0.0,0.0,0.0,0.0086,0.0,RB,00-0033854,1994-05-04,,,2017.0,2026.0,28.33,2022.0,1.0,4.340058,0.795677,2.170029,0.183
2023,Dare Ogunbowale,HOU,8.0,35.0,4.4,0.0,0.0,10.0,68.0,,,,7.0,2.0,18.0,9.0,0.0,,,,,,,108.0,14.0,7.0,6.0,9.0,14.0,0.0,0.0,0.0,,,0.0,0.0,0.0,,,0.0,RB,00-0033854,1994-05-04,,,2017.0,2026.0,29.33,,,,,,
2024,Dare Ogunbowale,HOU,30.0,112.0,3.7,0.0,0.0,17.0,68.0,,,,28.0,19.0,198.0,10.4,1.0,181.0,1.09,74.0,66.0,50.0,67.0,310.0,18.0,10.0,9.0,16.0,19.0,0.0,0.0,0.0,0.0,0.007,1.0,3.0,1.0,0.0357,0.0519,0.0,RB,00-0033854,1994-05-04,,,2017.0,2026.0,30.33,2024.0,1.0,1.76899,0.206382,1.76899,0.117
2018,Darrel Williams,KC,13.0,44.0,3.4,0.0,0.0,6.0,,,,,3.0,3.0,27.0,9.0,1.0,,,,,,,40.0,7.0,33.0,8.0,40.0,40.0,0.0,0.0,0.0,,,0.0,0.0,0.0,,,0.0,RB,00-0034301,1995-04-15,,,2018.0,2022.0,23.38,2018.0,3.0,2.932111,0.07649,0.97737,0.026
2019,Darrel Williams,KC,41.0,141.0,3.4,3.0,1.0,12.0,,,,,20.0,15.0,167.0,11.1,1.0,,,,,,,196.0,16.0,21.0,10.0,29.0,31.0,6.0,2.0,0.353,0.0732,0.0719,1.0,1.0,1.0,0.0526,0.0442,0.0,RB,00-0034301,1995-04-15,,,2018.0,2022.0,24.38,2018.0,3.0,2.932111,0.07649,0.97737,0.026
2020,Darrel Williams,KC,39.0,169.0,4.3,1.0,0.0,16.0,67.0,,,,26.0,18.0,116.0,6.4,0.0,206.0,0.73,17.0,38.0,35.0,19.0,265.0,18.0,14.0,9.0,21.0,24.0,0.0,0.0,0.0,0.0256,0.0176,0.0,0.0,0.0,0.0,0.0147,0.0,RB,00-0034301,1995-04-15,,,2018.0,2022.0,25.38,2018.0,3.0,2.932111,0.07649,0.97737,0.026
2021,Darrel Williams,KC,144.0,558.0,3.9,6.0,0.0,17.0,74.0,-82.0,-0.59,36.7,57.0,47.0,452.0,9.6,2.0,283.0,1.6,38.0,70.0,50.0,56.0,568.0,33.0,25.0,10.0,34.0,35.0,14.0,6.0,0.7,0.0417,0.0468,2.0,2.0,0.0,0.0351,0.0414,0.0,RB,00-0034301,1995-04-15,,,2018.0,2022.0,26.38,2021.0,1.0,2.640658,1.452362,2.640658,0.55
2019,Darrell Henderson Jr.,LAR,39.0,147.0,3.8,0.0,0.0,13.0,,,,,6.0,4.0,37.0,9.3,0.0,,,,,,,93.0,7.0,42.0,6.0,46.0,48.0,2.0,0.0,0.087,0.0,0.0122,0.0,0.0,0.0,0.0,0.0049,0.0,RB,00-0035664,1997-08-19,3.0,70.0,2019.0,2023.0,22.03,2019.0,4.0,6.740998,1.745513,1.685249,0.259
2020,Darrell Henderson Jr.,LAR,138.0,624.0,4.5,5.0,0.0,15.0,70.0,2.0,0.01,36.8,24.0,16.0,159.0,9.9,1.0,,,,,,,307.0,22.0,40.0,7.0,45.0,47.0,11.0,4.0,0.407,0.0362,0.0421,0.0,0.0,0.0,0.0417,0.0376,0.0,RB,00-0035664,1997-08-19,3.0,70.0,2019.0,2023.0,23.04,2019.0,4.0,6.740998,1.745513,1.685249,0.259
2021,Darrell Henderson Jr.,LAR,149.0,688.0,4.6,5.0,0.0,12.0,71.0,-47.0,-0.32,33.8,40.0,29.0,176.0,6.1,3.0,199.0,1.1,42.0,47.0,31.0,30.0,507.0,42.0,29.0,8.0,35.0,37.0,9.0,5.0,0.563,0.0336,0.0347,1.0,2.0,1.0,0.075,0.0645,0.0,RB,00-0035664,1997-08-19,3.0,70.0,2019.0,2023.0,24.04,2019.0,4.0,6.740998,1.745513,1.685249,0.259
2022,Darrell Henderson Jr.,LAR,70.0,283.0,4.0,3.0,0.0,10.0,72.0,,,,22.0,17.0,102.0,6.0,0.0,,,,,,,331.0,33.0,21.0,7.0,26.0,28.0,3.0,2.0,0.214,0.0429,0.0357,0.0,0.0,0.0,0.0,0.0077,0.0,RB,00-0035664,1997-08-19,3.0,70.0,2019.0,2023.0,25.03,2019.0,4.0,6.740998,1.745513,1.685249,0.259
2023,Darrell Henderson Jr.,LAR,46.0,112.0,2.4,2.0,0.0,4.0,72.0,,,,14.0,10.0,103.0,10.3,0.0,,,,,,,126.0,32.0,37.0,11.0,44.0,48.0,3.0,2.0,0.111,0.0435,0.0387,0.0,1.0,0.0,0.0,0.0364,0.0,RB,00-0035664,1997-08-19,3.0,70.0,2019.0,2023.0,26.03,2023.0,1.0,0.388291,0.0,0.388291,0.0
2019,Darwin Thompson,KC,37.0,128.0,3.5,1.0,0.0,12.0,,,,,10.0,9.0,43.0,4.8,0.0,,,,,,,107.0,9.0,35.0,9.0,43.0,44.0,1.0,1.0,0.059,0.027,0.0278,0.0,0.0,0.0,0.0,0.0107,0.0,RB,00-0035148,1997-02-12,6.0,214.0,2019.0,2022.0,22.55,2019.0,4.0,4.284882,0.204598,1.071221,0.048
2020,Darwin Thompson,KC,27.0,97.0,3.6,1.0,1.0,13.0,67.0,,,,11.0,7.0,65.0,9.3,1.0,,,,,,,80.0,6.0,34.0,14.0,43.0,48.0,0.0,0.0,0.0,0.037,0.0303,0.0,0.0,0.0,0.0909,0.0629,0.0,RB,00-0035148,1997-02-12,6.0,214.0,2019.0,2022.0,23.55,2019.0,4.0,4.284882,0.204598,1.071221,0.048
2018,David Johnson,ARI,258.0,940.0,3.6,7.0,2.0,16.0,,-56.0,-0.22,37.7,76.0,50.0,446.0,8.9,3.0,200.0,2.23,25.0,42.0,58.0,43.0,748.0,47.0,34.0,10.0,41.0,45.0,9.0,6.0,1.0,0.0271,0.0249,0.0,0.0,0.0,0.0395,0.0369,0.0,RB,00-0032187,1991-12-16,3.0,86.0,2015.0,2022.0,26.71,2018.0,3.0,66.291196,41.954678,22.097065,0.633
2019,David Johnson,ARI,94.0,345.0,3.7,2.0,1.0,13.0,,-64.0,-0.68,27.7,47.0,36.0,370.0,10.3,4.0,155.0,2.39,51.0,70.0,62.0,70.0,437.0,34.0,22.0,11.0,30.0,32.0,6.0,2.0,1.0,0.0213,0.0283,1.0,1.0,1.0,0.0851,0.0589,0.0,RB,00-0032187,1991-12-16,3.0,86.0,2015.0,2022.0,27.71,2018.0,3.0,66.291196,41.954678,22.097065,0.633
2020,David Johnson,HOU,147.0,691.0,4.7,6.0,1.0,12.0,73.0,60.0,0.41,36.1,46.0,33.0,314.0,9.5,2.0,246.0,1.28,51.0,46.0,53.0,51.0,550.0,46.0,27.0,8.0,33.0,35.0,11.0,3.0,0.846,0.0408,0.0405,2.0,2.0,2.0,0.0435,0.0545,0.0,RB,00-0032187,1991-12-16,3.0,86.0,2015.0,2022.0,28.71,2018.0,3.0,66.291196,41.954678,22.097065,0.633
2021,David Johnson,HOU,67.0,228.0,3.4,0.0,1.0,13.0,65.0,,,,42.0,32.0,225.0,7.0,1.0,128.0,1.76,60.0,58.0,42.0,51.0,317.0,24.0,21.0,13.0,31.0,34.0,0.0,0.0,0.0,0.0,0.0053,0.0,1.0,0.0,0.0238,0.0324,0.0,RB,00-0032187,1991-12-16,3.0,86.0,2015.0,2022.0,29.71,2021.0,1.0,8.252055,7.014247,8.252055,0.85
2019,David Montgomery,CHI,242.0,889.0,3.7,6.0,2.0,16.0,,-53.0,-0.22,36.1,35.0,25.0,185.0,7.4,1.0,147.0,1.26,39.0,47.0,42.0,38.0,614.0,38.0,39.0,6.0,43.0,45.0,17.0,5.0,0.944,0.0248,0.0317,1.0,1.0,1.0,0.0286,0.0259,0.0,RB,00-0035685,1997-06-07,3.0,73.0,2019.0,2026.0,22.23,2019.0,4.0,6.426315,1.674333,1.606579,0.261
2020,David Montgomery,CHI,247.0,1070.0,4.3,8.0,1.0,15.0,71.0,52.0,0.21,36.5,68.0,54.0,438.0,8.1,2.0,291.0,1.51,31.0,31.0,52.0,35.0,707.0,51.0,33.0,9.0,40.0,42.0,13.0,3.0,0.813,0.0324,0.0343,1.0,2.0,1.0,0.0294,0.034,0.0,RB,00-0035685,1997-06-07,3.0,73.0,2019.0,2026.0,23.24,2019.0,4.0,6.426315,1.674333,1.606579,0.261
2021,David Montgomery,CHI,225.0,849.0,3.8,7.0,1.0,14.0,71.0,-80.0,-0.36,34.5,51.0,42.0,301.0,7.2,0.0,221.0,1.36,41.0,55.0,43.0,43.0,642.0,49.0,35.0,8.0,42.0,43.0,13.0,6.0,0.65,0.0311,0.0338,1.0,1.0,0.0,0.0,0.0174,0.0,RB,00-0035685,1997-06-07,3.0,73.0,2019.0,2026.0,24.24,2019.0,4.0,6.426315,1.674333,1.606579,0.261
2022,David Montgomery,CHI,201.0,801.0,4.0,5.0,2.0,16.0,74.0,-53.0,-0.26,37.7,40.0,34.0,316.0,9.3,1.0,208.0,1.52,42.0,70.0,60.0,65.0,629.0,39.0,32.0,6.0,37.0,38.0,4.0,2.0,0.286,0.0249,0.0237,0.0,0.0,0.0,0.025,0.02,0.0,RB,00-0035685,1997-06-07,3.0,73.0,2019.0,2026.0,25.23,2019.0,4.0,6.426315,1.674333,1.606579,0.261
2023,David Montgomery,DET,219.0,1015.0,4.6,13.0,1.0,14.0,73.0,62.0,0.29,44.2,24.0,16.0,117.0,7.3,0.0,179.0,0.91,46.0,45.0,39.0,37.0,453.0,32.0,48.0,5.0,52.0,54.0,17.0,8.0,0.548,0.0594,0.0538,0.0,0.0,0.0,0.0,0.0045,0.0,RB,00-0035685,1997-06-07,3.0,73.0,2019.0,2026.0,26.23,2023.0,3.0,24.117438,11.723754,8.039146,0.486
2024,David Montgomery,DET,185.0,775.0,4.2,12.0,1.0,14.0,72.0,-4.0,-0.02,42.0,38.0,36.0,341.0,9.5,0.0,136.0,2.51,68.0,83.0,60.0,80.0,390.0,28.0,47.0,10.0,57.0,57.0,17.0,8.0,0.5,0.0649,0.0584,0.0,0.0,0.0,0.0,0.006,0.0,RB,00-0035685,1997-06-07,3.0,73.0,2019.0,2026.0,27.24,2024.0,2.0,21.522709,6.191464,10.761355,0.288
2025,David Montgomery,DET,158.0,716.0,4.5,8.0,1.0,17.0,71.0,125.0,0.8,37.6,29.0,24.0,192.0,8.0,0.0,144.0,1.33,50.0,67.0,41.0,51.0,408.0,24.0,39.0,7.0,45.0,46.0,16.0,5.0,0.615,0.0506,0.0507,0.0,0.0,0.0,0.0,0.0072,0.0,RB,00-0035685,1997-06-07,3.0,73.0,2019.0,2026.0,28.24,2024.0,2.0,21.522709,6.191464,10.761355,0.288
2023,De'Von Achane,MIA,103.0,800.0,7.8,8.0,1.0,11.0,71.0,269.0,2.75,46.9,37.0,27.0,197.0,7.3,3.0,139.0,1.57,40.0,38.0,64.0,52.0,300.0,27.0,34.0,12.0,43.0,47.0,5.0,3.0,0.185,0.0777,0.0555,2.0,2.0,2.0,0.0811,0.0661,0.0,RB,00-0039040,2001-10-13,3.0,84.0,2023.0,2026.0,21.88,2023.0,4.0,7.285409,1.278905,1.821353,0.176
2024,De'Von Achane,MIA,203.0,907.0,4.5,6.0,0.0,17.0,70.0,-96.0,-0.49,30.1,87.0,78.0,592.0,7.6,6.0,320.0,1.85,38.0,75.0,39.0,48.0,704.0,41.0,29.0,12.0,40.0,41.0,13.0,3.0,0.722,0.0296,0.0342,3.0,4.0,1.0,0.069,0.0554,0.0,RB,00-0039040,2001-10-13,3.0,84.0,2023.0,2026.0,22.89,2023.0,4.0,7.285409,1.278905,1.821353,0.176
2025,De'Von Achane,MIA,238.0,1350.0,5.7,8.0,0.0,16.0,70.0,242.0,1.03,37.9,85.0,67.0,488.0,7.3,4.0,284.0,1.72,45.0,74.0,29.0,42.0,697.0,44.0,34.0,12.0,44.0,46.0,5.0,1.0,0.417,0.0336,0.0259,1.0,1.0,1.0,0.0471,0.0399,0.0,RB,00-0039040,2001-10-13,3.0,84.0,2023.0,2026.0,23.89,2023.0,4.0,7.285409,1.278905,1.821353,0.176
2018,DeAndre Washington,OAK,30.0,115.0,3.8,0.0,1.0,10.0,,,,,1.0,1.0,9.0,9.0,0.0,,,,,,,70.0,7.0,43.0,1.0,44.0,44.0,2.0,0.0,0.105,0.0,0.0216,0.0,0.0,0.0,0.0,0.003,0.0,RB,00-0032940,1993-02-22,5.0,143.0,2016.0,2020.0,25.52,2016.0,4.0,5.06144,0.522199,1.26536,0.103
2019,DeAndre Washington,OAK,108.0,387.0,3.6,3.0,0.0,16.0,,-105.0,-0.98,30.6,41.0,36.0,292.0,8.1,0.0,89.0,3.28,68.0,54.0,44.0,54.0,271.0,17.0,40.0,15.0,53.0,55.0,4.0,2.0,0.222,0.0278,0.0269,0.0,0.0,0.0,0.0,0.011,0.0,RB,00-0032940,1993-02-22,5.0,143.0,2016.0,2020.0,26.52,2016.0,4.0,5.06144,0.522199,1.26536,0.103
2020,DeAndre Washington,MIA,31.0,91.0,2.9,0.0,0.0,4.0,69.0,,,,10.0,5.0,30.0,6.0,0.0,,,,,,,87.0,22.0,36.0,11.0,41.0,47.0,2.0,0.0,0.118,0.0,0.0241,0.0,0.0,0.0,0.0,0.0092,0.0,RB,00-0032940,1993-02-22,5.0,143.0,2016.0,2020.0,27.52,2020.0,1.0,1.591862,0.455903,1.591862,0.286
2020,DeeJay Dallas,SEA,34.0,108.0,3.2,2.0,0.0,12.0,70.0,,,,20.0,17.0,111.0,6.5,1.0,,,,,,,147.0,12.0,23.0,14.0,35.0,37.0,5.0,2.0,0.25,0.0588,0.0698,1.0,1.0,1.0,0.05,0.0459,0.0,RB,00-0036425,1998-09-16,4.0,144.0,2020.0,2026.0,21.96,2020.0,4.0,5.758664,0.751328,1.439666,0.13
2021,DeeJay Dallas,SEA,33.0,138.0,4.2,2.0,0.0,17.0,68.0,,,,23.0,21.0,133.0,6.3,0.0,,,,,,,161.0,9.0,20.0,14.0,34.0,35.0,2.0,2.0,0.118,0.0606,0.0478,0.0,0.0,0.0,0.0,0.0046,0.0,RB,00-0036425,1998-09-16,4.0,144.0,2020.0,2026.0,22.96,2020.0,4.0,5.758664,0.751328,1.439666,0.13
2022,DeeJay Dallas,SEA,35.0,186.0,5.3,0.0,0.0,15.0,71.0,,,,19.0,17.0,126.0,7.4,0.0,,,,,,,196.0,14.0,18.0,10.0,27.0,28.0,0.0,0.0,0.0,0.0,0.0046,0.0,0.0,0.0,0.0,0.0129,0.0,RB,00-0036425,1998-09-16,4.0,144.0,2020.0,2026.0,23.96,2020.0,4.0,5.758664,0.751328,1.439666,0.13
2018,Derrick Henry,TEN,215.0,1059.0,4.9,12.0,1.0,16.0,,236.0,1.11,47.4,18.0,15.0,99.0,6.6,0.0,,,,,,,401.0,25.0,54.0,4.0,58.0,59.0,17.0,8.0,0.773,0.0558,0.0493,0.0,0.0,0.0,0.0,0.0095,0.0,RB,00-0032764,1994-01-04,2.0,45.0,2016.0,2026.0,24.66,2016.0,4.0,10.490555,6.360476,2.62264,0.606
2019,Derrick Henry,TEN,303.0,1540.0,5.1,16.0,3.0,15.0,,326.0,1.13,42.0,24.0,18.0,206.0,11.4,2.0,,,,,,,589.0,39.0,51.0,4.0,54.0,56.0,8.0,5.0,1.0,0.0528,0.04,0.0,0.0,0.0,0.0833,0.0489,0.0,RB,00-0032764,1994-01-04,2.0,45.0,2016.0,2026.0,25.66,2016.0,4.0,10.490555,6.360476,2.62264,0.606
2020,Derrick Henry,TEN,378.0,2027.0,5.4,17.0,2.0,16.0,70.0,367.0,1.0,42.7,31.0,19.0,114.0,6.0,0.0,170.0,0.74,28.0,48.0,35.0,29.0,705.0,44.0,54.0,4.0,56.0,58.0,17.0,9.0,0.81,0.045,0.0391,0.0,0.0,0.0,0.0,0.0075,0.0,RB,00-0032764,1994-01-04,2.0,45.0,2016.0,2026.0,26.66,2020.0,1.0,15.619241,15.619241,15.619241,1.0
2021,Derrick Henry,TEN,219.0,937.0,4.3,10.0,0.0,8.0,69.0,25.0,0.11,36.4,20.0,18.0,154.0,8.6,0.0,,,,,,,411.0,51.0,53.0,5.0,58.0,58.0,9.0,4.0,0.529,0.0457,0.0371,0.0,0.0,0.0,0.0,0.0075,1.0,RB,00-0032764,1994-01-04,2.0,45.0,2016.0,2026.0,27.66,2020.0,4.0,75.983855,38.751766,18.995964,0.51
2022,Derrick Henry,TEN,349.0,1538.0,4.4,13.0,3.0,16.0,71.0,92.0,0.27,40.5,41.0,33.0,398.0,12.1,0.0,154.0,2.58,53.0,63.0,84.0,87.0,648.0,41.0,54.0,6.0,59.0,60.0,15.0,10.0,1.0,0.0372,0.0309,1.0,2.0,0.0,0.0,0.0208,0.0,RB,00-0032764,1994-01-04,2.0,45.0,2016.0,2026.0,28.66,2020.0,4.0,75.983855,38.751766,18.995964,0.51
2023,Derrick Henry,TEN,280.0,1167.0,4.2,12.0,0.0,17.0,71.0,84.0,0.31,40.1,36.0,28.0,214.0,7.6,0.0,,,,,,,558.0,33.0,50.0,6.0,56.0,57.0,15.0,7.0,0.882,0.0429,0.037,0.0,0.0,0.0,0.0,0.0101,0.0,RB,00-0032764,1994-01-04,2.0,45.0,2016.0,2026.0,29.66,2020.0,4.0,75.983855,38.751766,18.995964,0.51
2024,Derrick Henry,BAL,325.0,1921.0,5.9,16.0,1.0,17.0,74.0,562.0,1.77,46.9,22.0,19.0,193.0,10.2,2.0,166.0,1.16,48.0,55.0,68.0,67.0,635.0,37.0,51.0,3.0,54.0,55.0,18.0,9.0,0.947,0.0492,0.0418,1.0,1.0,1.0,0.0909,0.071,0.0,RB,00-0032764,1994-01-04,2.0,45.0,2016.0,2026.0,30.66,2024.0,2.0,18.869225,10.613939,9.434612,0.562
2025,Derrick Henry,BAL,307.0,1595.0,5.2,16.0,3.0,17.0,71.0,338.0,1.11,42.1,21.0,15.0,150.0,10.0,0.0,,,,,,,556.0,33.0,55.0,4.0,58.0,59.0,27.0,10.0,0.964,0.0521,0.0486,0.0,0.0,0.0,0.0,0.0091,0.0,RB,00-0032764,1994-01-04,2.0,45.0,2016.0,2026.0,31.66,2025.0,2.0,32.363897,26.969914,16.181948,0.833
2025,Devin Neal,NO,57.0,206.0,3.6,2.0,0.0,9.0,70.0,,,,19.0,17.0,104.0,6.1,0.0,,,,,,,268.0,30.0,21.0,7.0,28.0,28.0,2.0,2.0,0.5,0.0351,0.0283,0.0,0.0,0.0,0.0,0.0079,0.0,RB,00-0040202,2003-08-12,6.0,184.0,2025.0,2026.0,22.06,2025.0,4.0,4.80206,0.271115,1.200515,0.056
2019,Devin Singletary,BUF,151.0,775.0,5.1,2.0,1.0,12.0,,59.0,0.4,40.1,41.0,29.0,194.0,6.7,2.0,227.0,1.19,44.0,31.0,52.0,40.0,530.0,44.0,28.0,8.0,34.0,36.0,2.0,1.0,0.154,0.0132,0.0142,0.0,0.0,0.0,0.0488,0.0382,0.0,RB,00-0035250,1997-09-03,3.0,74.0,2019.0,2026.0,21.99,2019.0,4.0,6.238457,1.657759,1.559614,0.266
2020,Devin Singletary,BUF,156.0,687.0,4.4,2.0,1.0,16.0,69.0,37.0,0.24,38.2,50.0,38.0,269.0,7.1,0.0,285.0,1.1,39.0,47.0,59.0,52.0,622.0,39.0,25.0,8.0,31.0,33.0,6.0,1.0,0.333,0.0128,0.0191,0.0,0.0,0.0,0.0,0.0121,0.0,RB,00-0035250,1997-09-03,3.0,74.0,2019.0,2026.0,23.0,2019.0,4.0,6.238457,1.657759,1.559614,0.266
2021,Devin Singletary,BUF,188.0,870.0,4.6,7.0,0.0,17.0,69.0,17.0,0.09,36.8,50.0,40.0,228.0,5.7,1.0,312.0,0.85,53.0,39.0,49.0,45.0,718.0,42.0,26.0,7.0,32.0,33.0,6.0,3.0,0.545,0.0372,0.0344,1.0,1.0,0.0,0.02,0.0275,0.0,RB,00-0035250,1997-09-03,3.0,74.0,2019.0,2026.0,23.99,2019.0,4.0,6.238457,1.657759,1.559614,0.266
2022,Devin Singletary,BUF,178.0,822.0,4.6,5.0,3.0,17.0,71.0,28.0,0.16,38.0,52.0,38.0,280.0,7.4,1.0,345.0,0.92,72.0,46.0,57.0,63.0,709.0,44.0,25.0,7.0,30.0,32.0,9.0,4.0,0.818,0.0281,0.0317,1.0,2.0,1.0,0.0189,0.0282,0.0,RB,00-0035250,1997-09-03,3.0,74.0,2019.0,2026.0,24.99,2019.0,4.0,6.238457,1.657759,1.559614,0.266
2023,Devin Singletary,HOU,216.0,898.0,4.2,4.0,0.0,17.0,68.0,33.0,0.15,37.4,38.0,30.0,193.0,6.4,0.0,282.0,0.87,58.0,77.0,22.0,43.0,629.0,37.0,34.0,6.0,39.0,41.0,7.0,1.0,0.368,0.0185,0.0228,0.0,0.0,0.0,0.0,0.0103,0.0,RB,00-0035250,1997-09-03,3.0,74.0,2019.0,2026.0,25.99,2023.0,1.0,3.684609,3.349644,3.684609,0.909
2024,Devin Singletary,NYG,113.0,437.0,3.9,4.0,2.0,16.0,69.0,-54.0,-0.48,33.9,24.0,21.0,119.0,5.7,0.0,,,,,,,380.0,25.0,30.0,6.0,35.0,36.0,5.0,3.0,0.385,0.0354,0.0309,0.0,0.0,0.0,0.0,0.0031,0.0,RB,00-0035250,1997-09-03,3.0,74.0,2019.0,2026.0,27.0,2024.0,3.0,19.458888,11.203602,6.486296,0.576
2025,Devin Singletary,NYG,119.0,437.0,3.7,5.0,0.0,17.0,71.0,-21.0,-0.18,37.3,19.0,18.0,151.0,8.4,0.0,,,,,,,311.0,18.0,38.0,6.0,44.0,44.0,9.0,3.0,0.45,0.042,0.0436,1.0,1.0,0.0,0.0,0.0203,0.0,RB,00-0035250,1997-09-03,3.0,74.0,2019.0,2026.0,27.99,2024.0,3.0,19.458888,11.203602,6.486296,0.576
2018,Devonta Freeman,ATL,14.0,68.0,4.9,0.0,0.0,2.0,,,,,7.0,5.0,23.0,4.6,0.0,,,,,,,67.0,34.0,21.0,10.0,28.0,31.0,2.0,0.0,0.154,,,0.0,1.0,0.0,,,1.0,RB,00-0031285,1992-03-15,4.0,103.0,2014.0,2021.0,26.46,2017.0,5.0,74.398204,33.000338,14.879641,0.444
2019,Devonta Freeman,ATL,184.0,656.0,3.6,2.0,2.0,14.0,,-219.0,-1.22,27.4,70.0,59.0,410.0,6.9,4.0,235.0,1.74,51.0,68.0,41.0,52.0,658.0,47.0,28.0,11.0,37.0,39.0,1.0,0.0,0.077,0.0109,0.0117,0.0,1.0,0.0,0.0571,0.046,0.0,RB,00-0031285,1992-03-15,4.0,103.0,2014.0,2021.0,27.46,2017.0,5.0,74.398204,33.000338,14.879641,0.444
2020,Devonta Freeman,NYG,54.0,172.0,3.2,1.0,0.0,5.0,70.0,,,,10.0,7.0,58.0,8.3,0.0,,,,,,,136.0,27.0,40.0,7.0,45.0,47.0,1.0,1.0,0.059,0.0185,0.0185,0.0,0.0,0.0,0.0,0.03,0.0,RB,00-0031285,1992-03-15,4.0,103.0,2014.0,2021.0,28.47,2020.0,1.0,2.051564,0.455903,2.051564,0.222
2021,Devonta Freeman,BAL,133.0,576.0,4.3,5.0,0.0,16.0,73.0,-65.0,-0.49,36.6,42.0,34.0,190.0,5.6,1.0,225.0,0.84,50.0,62.0,29.0,38.0,528.0,33.0,25.0,8.0,32.0,33.0,7.0,4.0,0.438,0.0376,0.034,1.0,1.0,1.0,0.0238,0.0318,0.0,RB,00-0031285,1992-03-15,4.0,103.0,2014.0,2021.0,29.46,2021.0,1.0,0.415904,0.0,0.415904,0.0
2018,Devontae Booker,DEN,34.0,183.0,5.4,1.0,1.0,16.0,,,,,51.0,38.0,275.0,7.2,0.0,163.0,1.69,34.0,38.0,50.0,38.0,318.0,20.0,11.0,16.0,23.0,27.0,0.0,0.0,0.0,0.0294,0.0207,1.0,1.0,0.0,0.0,0.0169,0.0,RB,00-0032972,1992-05-27,4.0,136.0,2016.0,2021.0,26.26,2016.0,4.0,4.759204,0.743722,1.189801,0.156
2019,Devontae Booker,DEN,2.0,9.0,4.5,0.0,0.0,16.0,,,,,9.0,6.0,57.0,9.5,0.0,,,,,,,26.0,2.0,8.0,35.0,31.0,42.0,0.0,0.0,0.0,,,0.0,0.0,0.0,,,0.0,RB,00-0032972,1992-05-27,4.0,136.0,2016.0,2021.0,27.26,2016.0,4.0,4.759204,0.743722,1.189801,0.156
2020,Devontae Booker,LV,93.0,423.0,4.5,3.0,0.0,16.0,69.0,46.0,0.5,34.4,21.0,17.0,84.0,4.9,0.0,66.0,1.27,55.0,53.0,43.0,48.0,238.0,15.0,39.0,9.0,46.0,48.0,0.0,0.0,0.0,0.0323,0.024,1.0,1.0,0.0,0.0,0.0215,0.0,RB,00-0032972,1992-05-27,4.0,136.0,2016.0,2021.0,28.27,2020.0,1.0,1.591862,0.075984,1.591862,0.048
2021,Devontae Booker,NYG,145.0,593.0,4.1,2.0,0.0,16.0,71.0,-35.0,-0.24,39.2,45.0,40.0,268.0,6.7,1.0,157.0,1.71,55.0,58.0,44.0,51.0,519.0,32.0,28.0,9.0,36.0,37.0,5.0,1.0,0.556,0.0138,0.0182,1.0,1.0,1.0,0.0222,0.0209,0.0,RB,00-0032972,1992-05-27,4.0,136.0,2016.0,2021.0,29.26,2021.0,2.0,9.07726,3.300822,4.53863,0.364
2018,Dion Lewis,TEN,155.0,517.0,3.3,1.0,1.0,16.0,,-64.0,-0.41,34.2,67.0,59.0,400.0,6.8,1.0,218.0,1.83,69.0,56.0,49.0,59.0,600.0,38.0,26.0,11.0,36.0,37.0,5.0,1.0,0.227,0.0065,0.0153,0.0,0.0,0.0,0.0149,0.0186,0.0,RB,00-0028087,1990-09-27,5.0,149.0,2011.0,2020.0,27.93,2018.0,4.0,33.65553,9.773702,8.413883,0.29
2019,Dion Lewis,TEN,54.0,210.0,3.9,0.0,1.0,16.0,,,,,32.0,25.0,164.0,6.6,1.0,150.0,1.19,42.0,50.0,30.0,30.0,366.0,23.0,15.0,9.0,22.0,23.0,0.0,0.0,0.0,0.0,0.0029,0.0,0.0,0.0,0.0313,0.0297,0.0,RB,00-0028087,1990-09-27,5.0,149.0,2011.0,2020.0,28.93,2018.0,4.0,33.65553,9.773702,8.413883,0.29
2020,Dion Lewis,NYG,29.0,115.0,4.0,2.0,2.0,16.0,70.0,,,,30.0,19.0,127.0,6.7,1.0,146.0,0.87,49.0,52.0,30.0,34.0,304.0,19.0,10.0,10.0,16.0,19.0,3.0,2.0,0.176,0.069,0.0607,0.0,0.0,0.0,0.0333,0.0317,0.0,RB,00-0028087,1990-09-27,5.0,149.0,2011.0,2020.0,29.93,2020.0,1.0,2.355499,0.0,2.355499,0.0
2018,Dontrell Hilliard,CLE,0.0,0.0,0.0,0.0,0.0,11.0,,,,,10.0,9.0,105.0,11.7,0.0,,,,,,,58.0,5.0,0.0,17.0,17.0,19.0,0.0,0.0,0.0,,,0.0,0.0,0.0,,,0.0,RB,00-0034253,1995-02-26,,,2018.0,2022.0,23.51,2018.0,3.0,2.908314,0.0017,0.969437,0.001
2019,Dontrell Hilliard,CLE,13.0,49.0,3.8,2.0,0.0,14.0,,,,,15.0,12.0,92.0,7.7,0.0,,,,,,,130.0,9.0,10.0,12.0,19.0,22.0,2.0,2.0,0.105,,,0.0,0.0,0.0,,,0.0,RB,00-0034253,1995-02-26,,,2018.0,2022.0,24.51,2018.0,3.0,2.908314,0.0017,0.969437,0.001
2020,Dontrell Hilliard,HOU,9.0,48.0,5.3,0.0,0.0,7.0,73.0,,,,1.0,1.0,2.0,2.0,0.0,,,,,,,22.0,3.0,41.0,5.0,45.0,45.0,0.0,0.0,0.0,,,0.0,0.0,0.0,,,0.0,RB,00-0034253,1995-02-26,,,2018.0,2022.0,25.51,2020.0,1.0,0.21701,0.0,0.21701,0.0
2021,Dontrell Hilliard,TEN,56.0,350.0,6.3,2.0,1.0,8.0,69.0,,,,26.0,19.0,87.0,4.6,0.0,,,,,,,198.0,25.0,28.0,13.0,38.0,41.0,1.0,0.0,0.059,0.0357,0.0253,0.0,0.0,0.0,0.0,0.0169,0.0,RB,00-0034253,1995-02-26,,,2018.0,2022.0,26.51,2021.0,1.0,0.315412,0.0,0.315412,0.0
2022,Dontrell Hilliard,TEN,22.0,145.0,6.6,0.0,0.0,12.0,71.0,,,,26.0,21.0,177.0,8.4,4.0,118.0,1.5,40.0,62.0,50.0,52.0,200.0,17.0,11.0,13.0,22.0,24.0,0.0,0.0,0.0,,,0.0,0.0,0.0,,,0.0,RB,00-0034253,1995-02-26,,,2018.0,2022.0,27.51,2022.0,1.0,1.717939,0.22062,1.717939,0.128
2018,Duke Johnson Jr.,CLE,40.0,201.0,5.0,0.0,0.0,16.0,,,,,62.0,47.0,429.0,9.1,3.0,232.0,1.85,49.0,62.0,43.0,49.0,461.0,29.0,9.0,13.0,19.0,22.0,0.0,0.0,0.0,0.0,0.005,1.0,2.0,1.0,0.0484,0.0403,0.0,RB,00-0032257,1993-09-23,3.0,77.0,2015.0,2022.0,24.94,2018.0,3.0,26.533476,10.125555,8.844492,0.382
2019,Duke Johnson Jr.,HOU,83.0,410.0,4.9,2.0,1.0,16.0,,,,,62.0,44.0,410.0,9.3,3.0,341.0,1.36,39.0,52.0,59.0,54.0,511.0,32.0,16.0,12.0,25.0,28.0,1.0,1.0,0.1,0.0241,0.0213,0.0,0.0,0.0,0.0484,0.0456,0.0,RB,00-0032257,1993-09-23,3.0,77.0,2015.0,2022.0,25.94,2018.0,3.0,26.533476,10.125555,8.844492,0.382
2020,Duke Johnson Jr.,HOU,77.0,235.0,3.1,1.0,2.0,11.0,73.0,,,,35.0,28.0,249.0,8.9,1.0,163.0,1.53,63.0,53.0,62.0,66.0,355.0,32.0,22.0,10.0,30.0,32.0,1.0,1.0,0.077,0.013,0.0132,0.0,0.0,0.0,0.0286,0.0363,0.0,RB,00-0032257,1993-09-23,3.0,77.0,2015.0,2022.0,26.94,2018.0,3.0,26.533476,10.125555,8.844492,0.382
2021,Duke Johnson Jr.,MIA,71.0,330.0,4.6,3.0,0.0,5.0,71.0,,,,5.0,4.0,41.0,10.3,0.0,,,,,,,149.0,30.0,48.0,3.0,50.0,51.0,3.0,1.0,0.176,0.0423,0.0373,0.0,0.0,0.0,0.0,0.0006,0.0,RB,00-0032257,1993-09-23,3.0,77.0,2015.0,2022.0,27.94,2021.0,1.0,0.415904,0.0,0.415904,0.0
2025,Dylan Sampson,CLE,65.0,175.0,2.7,0.0,1.0,15.0,70.0,,,,40.0,33.0,271.0,8.2,2.0,115.0,2.36,76.0,74.0,62.0,82.0,249.0,17.0,26.0,16.0,39.0,42.0,0.0,0.0,0.0,0.0,0.0041,0.0,0.0,0.0,0.05,0.0401,0.0,RB,00-0040162,2004-09-14,4.0,126.0,2025.0,2026.0,20.96,2025.0,4.0,5.534835,1.003889,1.383709,0.181
2021,Elijah Mitchell,SF,207.0,963.0,4.7,5.0,0.0,12.0,70.0,57.0,0.28,39.0,20.0,19.0,137.0,7.2,1.0,138.0,1.41,42.0,74.0,70.0,76.0,441.0,40.0,47.0,5.0,51.0,51.0,5.0,3.0,0.385,0.0242,0.0219,0.0,0.0,0.0,0.05,0.0352,0.0,RB,00-0036567,1998-05-02,6.0,194.0,2021.0,2025.0,23.33,2021.0,4.0,6.046399,0.302969,1.5116,0.05
2022,Elijah Mitchell,SF,45.0,279.0,6.2,2.0,0.0,5.0,71.0,,,,4.0,3.0,7.0,2.3,0.0,,,,,,,80.0,16.0,56.0,5.0,60.0,61.0,2.0,0.0,0.105,0.0444,0.0452,0.0,0.0,0.0,0.0,0.0362,1.0,RB,00-0036567,1998-05-02,6.0,194.0,2021.0,2025.0,24.33,2021.0,4.0,6.046399,0.302969,1.5116,0.05
2023,Elijah Mitchell,SF,75.0,281.0,3.7,2.0,0.0,11.0,69.0,,,,8.0,6.0,14.0,2.3,0.0,,,,,,,161.0,15.0,47.0,5.0,50.0,52.0,4.0,1.0,0.167,0.0267,0.0429,0.0,0.0,0.0,0.0,0.0226,0.0,RB,00-0036567,1998-05-02,6.0,194.0,2021.0,2025.0,25.33,2021.0,4.0,6.046399,0.302969,1.5116,0.05
2023,Emanuel Wilson,GB,14.0,85.0,6.1,0.0,0.0,7.0,70.0,,,,5.0,4.0,23.0,5.8,0.0,,,,,,,36.0,5.0,39.0,14.0,50.0,53.0,0.0,0.0,0.0,,,0.0,0.0,0.0,,,0.0,RB,00-0038797,1999-05-08,,,2023.0,2026.0,24.32,2023.0,1.0,1.004893,0.0,1.004893,0.0
2024,Emanuel Wilson,GB,103.0,502.0,4.9,4.0,0.0,17.0,71.0,74.0,0.73,43.1,14.0,11.0,48.0,4.4,1.0,,,,,,,263.0,15.0,39.0,5.0,43.0,44.0,5.0,3.0,0.179,0.0388,0.0341,0.0,0.0,0.0,0.0714,0.0469,0.0,RB,00-0038797,1999-05-08,,,2023.0,2026.0,25.32,2024.0,1.0,1.079084,0.0,1.079084,0.0
2025,Emanuel Wilson,GB,125.0,496.0,4.0,3.0,0.0,17.0,71.0,-27.0,-0.21,38.4,17.0,15.0,99.0,6.6,0.0,,,,,,,326.0,19.0,38.0,5.0,43.0,44.0,4.0,2.0,0.167,0.024,0.0244,0.0,0.0,0.0,0.0,0.0136,0.0,RB,00-0038797,1999-05-08,,,2023.0,2026.0,26.32,2025.0,1.0,1.11116,0.0,1.11116,0.0
2023,Emari Demercado,ARI,58.0,284.0,4.9,2.0,0.0,14.0,72.0,,,,30.0,21.0,119.0,5.7,0.0,143.0,0.83,28.0,40.0,30.0,21.0,292.0,21.0,20.0,10.0,27.0,30.0,1.0,0.0,0.067,0.0345,0.0236,0.0,0.0,0.0,0.0,0.0087,0.0,RB,00-0038705,1999-01-20,,,2023.0,2026.0,24.61,2023.0,3.0,3.631014,0.09379,1.210338,0.026
2024,Emari Demercado,ARI,24.0,223.0,9.3,1.0,0.0,13.0,72.0,,,,20.0,16.0,104.0,6.5,0.0,,,,,,,164.0,13.0,15.0,12.0,24.0,27.0,0.0,0.0,0.0,,,0.0,0.0,0.0,,,0.0,RB,00-0038705,1999-01-20,,,2023.0,2026.0,25.62,2023.0,3.0,3.631014,0.09379,1.210338,0.026
2025,Emari Demercado,ARI,44.0,312.0,7.1,0.0,1.0,13.0,71.0,,,,20.0,13.0,101.0,7.8,1.0,,,,,,,196.0,16.0,22.0,10.0,29.0,33.0,0.0,0.0,0.0,0.0,0.0075,1.0,1.0,0.0,0.05,0.0582,0.0,RB,00-0038705,1999-01-20,,,2023.0,2026.0,26.61,2023.0,3.0,3.631014,0.09379,1.210338,0.026
2021,Eno Benjamin,ARI,34.0,118.0,3.5,1.0,0.0,8.0,70.0,,,,7.0,6.0,42.0,7.0,0.0,,,,,,,92.0,12.0,37.0,8.0,43.0,45.0,0.0,0.0,0.0,0.0294,0.0199,0.0,0.0,0.0,0.0,0.0087,0.0,RB,00-0036383,1999-04-13,7.0,222.0,2020.0,2023.0,22.39,2020.0,4.0,5.163431,0.156095,1.290858,0.03
2022,Eno Benjamin,NO,77.0,313.0,4.1,2.0,0.0,13.0,71.0,,,,34.0,25.0,193.0,7.7,0.0,157.0,1.23,47.0,41.0,44.0,40.0,335.0,26.0,23.0,10.0,30.0,33.0,3.0,1.0,0.214,0.026,0.0269,0.0,0.0,0.0,0.0,0.0119,0.0,RB,00-0036383,1999-04-13,7.0,222.0,2020.0,2023.0,23.39,2020.0,4.0,5.163431,0.156095,1.290858,0.03
2018,Ezekiel Elliott,DAL,304.0,1434.0,4.7,6.0,1.0,15.0,,135.0,0.45,41.1,95.0,77.0,567.0,7.4,3.0,313.0,1.97,49.0,60.0,53.0,58.0,890.0,59.0,34.0,11.0,43.0,45.0,11.0,2.0,1.0,0.0197,0.0224,0.0,0.0,0.0,0.0316,0.0328,0.0,RB,00-0033045,1995-07-22,1.0,4.0,2016.0,2024.0,23.11,2016.0,4.0,48.41147,48.41147,12.102869,1.0
2019,Ezekiel Elliott,DAL,301.0,1357.0,4.5,12.0,2.0,16.0,,119.0,0.4,46.1,71.0,54.0,420.0,7.8,2.0,325.0,1.29,49.0,26.0,55.0,42.0,937.0,59.0,32.0,8.0,38.0,40.0,18.0,10.0,1.0,0.0399,0.0389,0.0,0.0,0.0,0.0282,0.0299,0.0,RB,00-0033045,1995-07-22,1.0,4.0,2016.0,2024.0,24.11,2019.0,6.0,144.038257,44.895344,24.006376,0.312
2020,Ezekiel Elliott,DAL,244.0,979.0,4.0,6.0,5.0,15.0,70.0,8.0,0.03,42.7,71.0,52.0,338.0,6.5,2.0,230.0,1.47,49.0,37.0,45.0,39.0,777.0,52.0,31.0,9.0,38.0,41.0,25.0,4.0,0.893,0.0246,0.0388,0.0,0.0,0.0,0.0274,0.0227,0.0,RB,00-0033045,1995-07-22,1.0,4.0,2016.0,2024.0,25.11,2019.0,6.0,144.038257,44.895344,24.006376,0.312
2021,Ezekiel Elliott,DAL,237.0,1002.0,4.2,10.0,1.0,17.0,73.0,-45.0,-0.19,38.0,65.0,47.0,287.0,6.1,2.0,305.0,0.94,32.0,43.0,39.0,31.0,809.0,48.0,29.0,8.0,35.0,37.0,14.0,7.0,0.875,0.0422,0.0377,4.0,4.0,2.0,0.0308,0.041,0.0,RB,00-0033045,1995-07-22,1.0,4.0,2016.0,2024.0,26.11,2019.0,6.0,144.038257,44.895344,24.006376,0.312
2022,Ezekiel Elliott,DAL,231.0,876.0,3.8,12.0,0.0,15.0,73.0,-77.0,-0.34,38.6,23.0,17.0,92.0,5.4,0.0,215.0,0.5,59.0,36.0,28.0,28.0,558.0,37.0,41.0,4.0,44.0,46.0,19.0,9.0,0.731,0.0519,0.0472,0.0,0.0,0.0,0.0,0.0087,0.0,RB,00-0033045,1995-07-22,1.0,4.0,2016.0,2024.0,27.11,2019.0,6.0,144.038257,44.895344,24.006376,0.312
2023,Ezekiel Elliott,NE,184.0,642.0,3.5,3.0,1.0,17.0,68.0,-71.0,-0.39,41.8,65.0,51.0,313.0,6.1,2.0,200.0,1.56,42.0,67.0,47.0,53.0,539.0,32.0,34.0,12.0,44.0,46.0,5.0,2.0,0.625,0.0163,0.0182,0.0,0.0,0.0,0.0308,0.0215,0.0,RB,00-0033045,1995-07-22,1.0,4.0,2016.0,2024.0,28.11,2023.0,1.0,4.019573,1.473843,4.019573,0.367
2024,Ezekiel Elliott,DAL,74.0,226.0,3.1,3.0,1.0,15.0,73.0,,,,15.0,12.0,69.0,5.8,0.0,,,,,,,258.0,17.0,29.0,6.0,33.0,34.0,5.0,3.0,0.625,0.0405,0.0391,0.0,0.0,0.0,0.0,0.0081,0.0,RB,00-0033045,1995-07-22,1.0,4.0,2016.0,2024.0,29.11,2024.0,1.0,2.358653,1.916406,2.358653,0.813
2018,Frank Gore,MIA,156.0,722.0,4.6,0.0,0.0,14.0,,53.0,0.34,39.0,16.0,12.0,124.0,10.3,1.0,,,,,,,330.0,24.0,47.0,5.0,51.0,52.0,1.0,0.0,0.5,0.0,0.0057,0.0,0.0,0.0,0.0625,0.049,0.0,RB,00-0023500,1983-05-14,3.0,65.0,2005.0,2020.0,35.3,2018.0,1.0,1.878251,0.15298,1.878251,0.081
2019,Frank Gore,BUF,166.0,599.0,3.6,2.0,0.0,16.0,,-65.0,-0.4,32.3,16.0,13.0,100.0,7.7,0.0,,,,,,,372.0,23.0,45.0,4.0,48.0,49.0,11.0,2.0,0.846,0.012,0.0249,0.0,0.0,0.0,0.0,0.0025,0.0,RB,00-0023500,1983-05-14,3.0,65.0,2005.0,2020.0,36.3,2019.0,1.0,3.20085,0.800213,3.20085,0.25
2020,Frank Gore,NYJ,187.0,653.0,3.5,2.0,1.0,15.0,67.0,-92.0,-0.5,38.0,19.0,16.0,89.0,5.6,0.0,,,,,,,380.0,25.0,49.0,5.0,53.0,54.0,5.0,2.0,0.417,0.0107,0.0162,0.0,0.0,0.0,0.0,0.007,0.0,RB,00-0023500,1983-05-14,3.0,65.0,2005.0,2020.0,37.3,2020.0,1.0,1.595661,0.303935,1.595661,0.19
2018,Giovani Bernard,CIN,56.0,211.0,3.8,3.0,0.0,12.0,,,,,48.0,35.0,218.0,6.2,0.0,,,,,,,330.0,28.0,17.0,15.0,28.0,32.0,3.0,2.0,0.188,0.0536,0.0441,0.0,0.0,0.0,0.0,0.0058,0.0,RB,00-0030456,1991-11-22,2.0,37.0,2013.0,2022.0,26.78,2016.0,3.0,30.067624,9.699234,10.022542,0.323
2019,Giovani Bernard,CIN,53.0,170.0,3.2,0.0,1.0,16.0,,,,,43.0,30.0,234.0,7.8,0.0,,,,,,,443.0,28.0,12.0,10.0,19.0,22.0,1.0,0.0,0.063,0.0,0.0112,0.0,1.0,0.0,0.0,0.0169,0.0,RB,00-0030456,1991-11-22,2.0,37.0,2013.0,2022.0,27.78,2019.0,2.0,16.484378,3.20085,8.242189,0.194
2020,Giovani Bernard,CIN,124.0,416.0,3.4,3.0,1.0,16.0,71.0,-98.0,-0.8,33.6,59.0,47.0,355.0,7.6,3.0,205.0,1.73,46.0,47.0,59.0,55.0,518.0,32.0,24.0,11.0,33.0,35.0,6.0,2.0,0.4,0.0242,0.0273,1.0,1.0,1.0,0.0508,0.0444,0.0,RB,00-0030456,1991-11-22,2.0,37.0,2013.0,2022.0,28.78,2019.0,2.0,16.484378,3.20085,8.242189,0.194
2021,Giovani Bernard,TB,8.0,58.0,7.3,0.0,0.0,10.0,70.0,,,,29.0,23.0,123.0,5.3,3.0,98.0,1.65,33.0,46.0,38.0,32.0,138.0,14.0,6.0,21.0,22.0,27.0,0.0,0.0,0.0,,,1.0,1.0,0.0,,,0.0,RB,00-0030456,1991-11-22,2.0,37.0,2013.0,2022.0,29.78,2021.0,1.0,2.001123,1.402849,2.001123,0.701
2018,Gus Edwards,BAL,137.0,718.0,5.2,2.0,0.0,11.0,,46.0,0.34,41.9,2.0,2.0,20.0,10.0,0.0,,,,,,,285.0,26.0,48.0,1.0,49.0,49.0,2.0,0.0,0.118,0.0146,0.0157,0.0,0.0,0.0,0.0,0.0053,0.0,RB,00-0034184,1995-04-13,,,2018.0,2024.0,23.39,2018.0,3.0,2.916813,0.0034,0.972271,0.001
2019,Gus Edwards,BAL,133.0,711.0,5.3,2.0,1.0,16.0,,73.0,0.56,34.4,7.0,7.0,45.0,6.4,0.0,,,,,,,397.0,25.0,34.0,2.0,35.0,35.0,8.0,0.0,0.32,0.015,0.0248,0.0,0.0,0.0,0.0,0.0177,0.0,RB,00-0034184,1995-04-13,,,2018.0,2024.0,24.39,2019.0,1.0,0.912242,0.0,0.912242,0.0
2020,Gus Edwards,BAL,144.0,723.0,5.0,6.0,1.0,16.0,73.0,125.0,0.88,46.5,13.0,9.0,129.0,14.3,0.0,,,,,,,347.0,22.0,41.0,4.0,44.0,45.0,10.0,3.0,0.455,0.0417,0.0413,0.0,0.0,0.0,0.0,0.0117,0.0,RB,00-0034184,1995-04-13,,,2018.0,2024.0,25.39,2020.0,1.0,1.139758,0.0,1.139758,0.0
2021,Gus Edwards,BAL,,,,,,,,,,,,,,,,,,,,,,,,,,,,,,,,,,,,,,1.0,RB,00-0034184,1995-04-13,,,2018.0,2024.0,26.39,2021.0,3.0,20.438689,13.203288,6.812896,0.646
2022,Gus Edwards,BAL,87.0,433.0,5.0,3.0,1.0,9.0,77.0,,,,2.0,0.0,0.0,0.0,0.0,,,,,,,159.0,18.0,55.0,1.0,55.0,56.0,2.0,2.0,0.182,0.0345,0.029,0.0,0.0,0.0,0.0,0.0155,0.0,RB,00-0034184,1995-04-13,,,2018.0,2024.0,27.39,2021.0,3.0,20.438689,13.203288,6.812896,0.646
2023,Gus Edwards,BAL,198.0,810.0,4.1,13.0,2.0,17.0,74.0,51.0,0.26,40.2,13.0,12.0,180.0,15.0,0.0,,,,,,,470.0,28.0,42.0,3.0,45.0,45.0,23.0,12.0,0.821,0.0657,0.0608,0.0,0.0,0.0,0.0,0.0027,0.0,RB,00-0034184,1995-04-13,,,2018.0,2024.0,28.39,2023.0,1.0,4.534078,3.081673,4.534078,0.68
2024,Gus Edwards,LAC,101.0,365.0,3.6,4.0,0.0,11.0,72.0,-50.0,-0.5,33.7,5.0,3.0,6.0,2.0,0.0,,,,,,,223.0,20.0,45.0,2.0,47.0,48.0,6.0,4.0,0.375,0.0396,0.0386,0.0,0.0,0.0,0.0,0.0025,0.0,RB,00-0034184,1995-04-13,,,2018.0,2024.0,29.39,2024.0,2.0,7.665623,3.980227,3.832811,0.519
2022,Hassan Haskins,TEN,25.0,93.0,3.7,0.0,0.0,14.0,71.0,,,,12.0,11.0,57.0,5.2,0.0,,,,,,,146.0,11.0,17.0,8.0,25.0,25.0,0.0,0.0,0.0,,,0.0,0.0,0.0,,,0.0,RB,00-0037617,1999-11-26,4.0,131.0,2022.0,2026.0,22.77,2022.0,4.0,6.296278,1.001408,1.574069,0.159
2023,Hassan Haskins,,,,,,,,,,,,,,,,,,,,,,,,,,,,,,,,,,,,,,,1.0,RB,00-0037617,1999-11-26,4.0,131.0,2022.0,2026.0,23.76,2022.0,4.0,6.296278,1.001408,1.574069,0.159
2024,Hassan Haskins,LAC,34.0,89.0,2.6,2.0,1.0,15.0,72.0,,,,3.0,3.0,49.0,16.3,1.0,,,,,,,133.0,10.0,26.0,2.0,28.0,28.0,4.0,1.0,0.25,0.0588,0.0833,0.0,0.0,0.0,0.3333,0.1705,0.0,RB,00-0037617,1999-11-26,4.0,131.0,2022.0,2026.0,24.77,2022.0,4.0,6.296278,1.001408,1.574069,0.159
2024,Isaiah Davis,NYJ,30.0,174.0,5.8,1.0,0.0,14.0,68.0,,,,12.0,9.0,75.0,8.3,1.0,,,,,,,110.0,12.0,27.0,11.0,35.0,38.0,0.0,0.0,0.0,0.0333,0.0213,1.0,1.0,1.0,0.0833,0.0718,0.0,RB,00-0039798,2002-02-21,5.0,173.0,2024.0,2026.0,22.53,2024.0,4.0,5.040767,0.299874,1.260192,0.059
2025,Isaiah Davis,NYJ,43.0,236.0,5.5,1.0,0.0,16.0,71.0,,,,28.0,21.0,186.0,8.9,0.0,141.0,1.32,55.0,67.0,37.0,49.0,285.0,18.0,15.0,10.0,22.0,25.0,0.0,0.0,0.0,0.0233,0.019,0.0,0.0,0.0,0.0,0.0053,0.0,RB,00-0039798,2002-02-21,5.0,173.0,2024.0,2026.0,23.53,2024.0,4.0,5.040767,0.299874,1.260192,0.059
2022,Isiah Pacheco,KC,170.0,830.0,4.9,5.0,2.0,17.0,74.0,72.0,0.43,41.1,14.0,13.0,130.0,10.0,0.0,,,,,,,351.0,21.0,48.0,4.0,52.0,52.0,9.0,3.0,0.5,0.0294,0.0327,0.0,0.0,0.0,0.0,0.0074,0.0,RB,00-0037197,1999-03-02,7.0,251.0,2022.0,2026.0,23.5,2022.0,4.0,5.409315,0.114444,1.352329,0.021
2023,Isiah Pacheco,KC,205.0,935.0,4.6,7.0,1.0,14.0,75.0,91.0,0.45,40.0,49.0,44.0,244.0,5.5,2.0,298.0,1.02,63.0,90.0,31.0,58.0,568.0,41.0,36.0,9.0,44.0,45.0,9.0,5.0,0.818,0.0341,0.0328,1.0,2.0,0.0,0.0408,0.0439,0.0,RB,00-0037197,1999-03-02,7.0,251.0,2022.0,2026.0,24.5,2022.0,4.0,5.409315,0.114444,1.352329,0.021
2024,Isiah Pacheco,KC,83.0,310.0,3.7,1.0,0.0,7.0,73.0,,,,16.0,12.0,79.0,6.6,0.0,,,,,,,218.0,31.0,38.0,7.0,44.0,45.0,3.0,1.0,0.12,0.012,0.0175,1.0,1.0,0.0,0.0,0.0198,1.0,RB,00-0037197,1999-03-02,7.0,251.0,2022.0,2026.0,25.5,2022.0,4.0,5.409315,0.114444,1.352329,0.021
2025,Isiah Pacheco,KC,118.0,462.0,3.9,1.0,0.0,13.0,70.0,-48.0,-0.41,38.8,26.0,19.0,101.0,5.3,1.0,195.0,0.52,32.0,45.0,18.0,14.0,424.0,33.0,28.0,6.0,32.0,34.0,0.0,0.0,0.0,0.0085,0.0115,0.0,1.0,0.0,0.0385,0.0405,0.0,RB,00-0037197,1999-03-02,7.0,251.0,2022.0,2026.0,26.5,2022.0,4.0,5.409315,0.114444,1.352329,0.021
2018,Ito Smith,ATL,90.0,315.0,3.5,4.0,0.0,14.0,,-47.0,-0.54,35.6,32.0,27.0,152.0,5.6,0.0,122.0,1.25,60.0,64.0,22.0,37.0,311.0,22.0,29.0,10.0,38.0,39.0,4.0,1.0,0.308,0.0444,0.0387,0.0,0.0,0.0,0.0,0.0136,0.0,RB,00-0034378,1995-09-11,4.0,126.0,2018.0,2021.0,22.97,2018.0,4.0,5.236787,1.055342,1.309197,0.202
2019,Ito Smith,ATL,22.0,106.0,4.8,1.0,0.0,7.0,,,,,14.0,11.0,87.0,7.9,0.0,,,,,,,149.0,21.0,15.0,9.0,22.0,24.0,4.0,1.0,0.308,,,0.0,0.0,0.0,,,1.0,RB,00-0034378,1995-09-11,4.0,126.0,2018.0,2021.0,23.97,2018.0,4.0,5.236787,1.055342,1.309197,0.202
2020,Ito Smith,ATL,63.0,268.0,4.3,1.0,0.0,14.0,69.0,,,,26.0,17.0,75.0,4.4,0.0,103.0,0.73,39.0,45.0,35.0,31.0,225.0,16.0,28.0,12.0,36.0,40.0,1.0,0.0,0.063,0.0156,0.0166,0.0,0.0,0.0,0.0,0.0319,0.0,RB,00-0034378,1995-09-11,4.0,126.0,2018.0,2021.0,24.97,2018.0,4.0,5.236787,1.055342,1.309197,0.202
2018,J.D. McKissic,SEA,3.0,8.0,2.7,0.0,0.0,5.0,,,,,1.0,0.0,0.0,0.0,0.0,,,,,,,9.0,2.0,33.0,11.0,33.0,44.0,0.0,0.0,0.0,,,0.0,0.0,0.0,,,0.0,RB,00-0032602,1993-08-15,,,2016.0,2022.0,25.05,2018.0,1.0,1.070858,0.0,1.070858,0.0
2019,J.D. McKissic,DET,38.0,205.0,5.4,0.0,0.0,16.0,,,,,42.0,34.0,233.0,6.9,1.0,117.0,1.99,56.0,56.0,43.0,49.0,257.0,16.0,15.0,16.0,28.0,31.0,1.0,0.0,0.067,0.0,0.0112,0.0,1.0,0.0,0.0238,0.0215,0.0,RB,00-0032602,1993-08-15,,,2016.0,2022.0,26.05,2019.0,1.0,1.152306,0.0,1.152306,0.0
2020,J.D. McKissic,WAS,85.0,365.0,4.3,1.0,1.0,16.0,73.0,-52.0,-0.61,32.9,110.0,80.0,589.0,7.4,2.0,310.0,1.93,55.0,27.0,43.0,35.0,641.0,40.0,13.0,17.0,26.0,30.0,3.0,1.0,0.125,0.0118,0.0185,0.0,0.0,0.0,0.0182,0.0194,0.0,RB,00-0032602,1993-08-15,,,2016.0,2022.0,27.05,2020.0,2.0,4.969344,1.519677,2.484672,0.306
2021,J.D. McKissic,WAS,48.0,212.0,4.4,2.0,0.0,11.0,75.0,,,,53.0,43.0,397.0,9.2,2.0,173.0,2.29,53.0,73.0,63.0,73.0,343.0,31.0,14.0,15.0,27.0,29.0,3.0,1.0,0.143,0.0417,0.0384,1.0,1.0,0.0,0.0377,0.0304,0.0,RB,00-0032602,1993-08-15,,,2016.0,2022.0,28.05,2020.0,2.0,4.969344,1.519677,2.484672,0.306
2022,J.D. McKissic,WAS,22.0,95.0,4.3,0.0,0.0,9.0,71.0,,,,40.0,27.0,173.0,6.4,0.0,136.0,1.27,45.0,35.0,34.0,27.0,221.0,28.0,10.0,18.0,22.0,28.0,0.0,0.0,0.0,,,0.0,2.0,0.0,,,0.0,RB,00-0032602,1993-08-15,,,2016.0,2022.0,29.05,2022.0,2.0,10.126801,5.27317,5.063401,0.521
2020,J.K. Dobbins,BAL,134.0,805.0,6.0,9.0,0.0,15.0,73.0,196.0,1.47,42.1,24.0,18.0,120.0,6.7,0.0,188.0,0.88,48.0,29.0,39.0,30.0,457.0,30.0,29.0,5.0,33.0,35.0,8.0,7.0,0.364,0.0672,0.0537,0.0,1.0,0.0,0.0,0.0152,0.0,RB,00-0036158,1998-12-17,2.0,55.0,2020.0,2026.0,21.71,2020.0,4.0,8.706896,4.87405,2.176725,0.56
2021,J.K. Dobbins,BAL,0.0,0.0,0.0,0.0,0.0,1.0,73.0,,,,0.0,0.0,0.0,0.0,0.0,,,,,,,,,,,,,0.0,0.0,0.0,,,0.0,0.0,0.0,,,0.0,RB,00-0036158,1998-12-17,2.0,55.0,2020.0,2026.0,22.71,2020.0,4.0,8.706896,4.87405,2.176725,0.56
2022,J.K. Dobbins,BAL,92.0,520.0,5.7,2.0,0.0,8.0,77.0,95.0,1.05,43.3,8.0,7.0,42.0,6.0,1.0,,,,,,,202.0,25.0,46.0,4.0,49.0,50.0,4.0,2.0,0.364,0.0217,0.0247,1.0,1.0,1.0,0.125,0.114,0.0,RB,00-0036158,1998-12-17,2.0,55.0,2020.0,2026.0,23.71,2020.0,4.0,8.706896,4.87405,2.176725,0.56
2023,J.K. Dobbins,BAL,8.0,22.0,2.8,1.0,0.0,1.0,74.0,,,,3.0,2.0,15.0,7.5,0.0,,,,,,,,,,,,,1.0,1.0,0.036,,,0.0,0.0,0.0,,,0.0,RB,00-0036158,1998-12-17,2.0,55.0,2020.0,2026.0,24.71,2020.0,4.0,8.706896,4.87405,2.176725,0.56
2024,J.K. Dobbins,LAC,195.0,905.0,4.6,9.0,0.0,13.0,72.0,115.0,0.6,34.4,38.0,32.0,153.0,4.8,0.0,183.0,0.84,65.0,59.0,3.0,20.0,533.0,41.0,37.0,7.0,43.0,44.0,6.0,4.0,0.375,0.0462,0.0376,0.0,0.0,0.0,0.0,0.0112,0.0,RB,00-0036158,1998-12-17,2.0,55.0,2020.0,2026.0,25.71,2024.0,1.0,1.898716,0.058966,1.898716,0.031
2025,J.K. Dobbins,DEN,153.0,772.0,5.0,4.0,0.0,10.0,74.0,161.0,1.08,45.0,14.0,11.0,37.0,3.4,0.0,,,,,,,340.0,34.0,45.0,4.0,48.0,49.0,7.0,2.0,0.389,0.0261,0.0264,0.0,0.0,0.0,0.0,0.004,0.0,RB,00-0036158,1998-12-17,2.0,55.0,2020.0,2026.0,26.71,2025.0,1.0,2.227715,2.227715,2.227715,1.0
2020,JaMycal Hasty,SF,39.0,148.0,3.8,1.0,0.0,8.0,69.0,,,,8.0,7.0,33.0,4.7,0.0,,,,,,,97.0,12.0,40.0,8.0,47.0,48.0,3.0,1.0,0.125,0.0256,0.0323,0.0,0.0,0.0,0.0,0.0038,0.0,RB,00-0035806,1996-09-12,,,2020.0,2026.0,23.97,2020.0,1.0,0.21701,0.0,0.21701,0.0
2021,JaMycal Hasty,SF,16.0,68.0,4.3,1.0,1.0,11.0,70.0,,,,29.0,23.0,157.0,6.8,0.0,93.0,1.75,55.0,53.0,43.0,47.0,41.0,21.0,15.0,15.0,27.0,29.0,2.0,1.0,0.154,,,0.0,1.0,0.0,,,0.0,RB,00-0035806,1996-09-12,,,2020.0,2026.0,24.97,2020.0,3.0,3.495257,0.136771,1.165086,0.039
2022,JaMycal Hasty,JAC,46.0,194.0,4.2,2.0,0.0,14.0,70.0,,,,27.0,21.0,121.0,5.8,1.0,109.0,1.22,68.0,42.0,30.0,36.0,216.0,15.0,21.0,13.0,31.0,34.0,3.0,1.0,0.176,0.0435,0.04,0.0,0.0,0.0,0.037,0.0273,0.0,RB,00-0035806,1996-09-12,,,2020.0,2026.0,25.97,2022.0,1.0,1.294784,0.0,1.294784,0.0
2025,Jacory Croskey-Merritt,WAS,175.0,805.0,4.6,8.0,2.0,17.0,70.0,138.0,0.79,38.3,13.0,9.0,68.0,7.6,0.0,,,,,,,406.0,24.0,43.0,3.0,45.0,46.0,9.0,3.0,0.45,0.0457,0.0417,0.0,0.0,0.0,0.0,0.007,0.0,RB,00-0040242,2001-04-12,7.0,245.0,2025.0,2026.0,24.39,2025.0,4.0,4.644681,0.113735,1.16117,0.024
2023,Jahmyr Gibbs,DET,182.0,945.0,5.2,10.0,1.0,15.0,73.0,72.0,0.4,33.7,71.0,52.0,316.0,6.1,1.0,324.0,1.27,61.0,26.0,34.0,29.0,596.0,40.0,31.0,12.0,39.0,42.0,10.0,4.0,0.323,0.0549,0.0467,0.0,1.0,0.0,0.0141,0.023,0.0,RB,00-0039139,2002-03-20,1.0,12.0,2023.0,2026.0,21.45,2023.0,4.0,23.909945,23.909945,5.977487,1.0
2024,Jahmyr Gibbs,DET,250.0,1412.0,5.6,16.0,1.0,17.0,72.0,218.0,0.88,39.8,63.0,52.0,517.0,9.9,4.0,288.0,2.04,63.0,69.0,49.0,63.0,639.0,38.0,39.0,10.0,47.0,49.0,16.0,8.0,0.471,0.064,0.0517,1.0,1.0,1.0,0.0635,0.0494,0.0,RB,00-0039139,2002-03-20,1.0,12.0,2023.0,2026.0,22.45,2023.0,4.0,23.909945,23.909945,5.977487,1.0
2025,Jahmyr Gibbs,DET,243.0,1223.0,5.0,13.0,1.0,17.0,71.0,167.0,0.7,36.3,94.0,77.0,616.0,8.0,5.0,314.0,1.96,71.0,89.0,46.0,73.0,737.0,43.0,33.0,13.0,43.0,46.0,10.0,4.0,0.385,0.0535,0.0416,2.0,2.0,2.0,0.0532,0.0434,0.0,RB,00-0039139,2002-03-20,1.0,12.0,2023.0,2026.0,23.45,2023.0,4.0,23.909945,23.909945,5.977487,1.0
2023,Jaleel McLaughlin,DEN,76.0,410.0,5.4,1.0,0.0,17.0,74.0,,,,36.0,31.0,160.0,5.2,2.0,72.0,2.22,48.0,49.0,59.0,56.0,193.0,11.0,39.0,19.0,55.0,58.0,2.0,1.0,0.182,0.0132,0.0158,0.0,0.0,0.0,0.0556,0.0425,0.0,RB,00-0038794,2000-09-13,,,2023.0,2026.0,22.97,2023.0,3.0,3.631014,0.073692,1.210338,0.02
2024,Jaleel McLaughlin,DEN,113.0,496.0,4.4,1.0,1.0,16.0,75.0,-41.0,-0.36,38.1,27.0,24.0,76.0,3.2,2.0,111.0,0.68,75.0,66.0,26.0,46.0,296.0,19.0,38.0,9.0,46.0,47.0,3.0,1.0,0.188,0.0088,0.0147,1.0,1.0,1.0,0.0741,0.0549,0.0,RB,00-0038794,2000-09-13,,,2023.0,2026.0,23.97,2023.0,3.0,3.631014,0.073692,1.210338,0.02
2025,Jaleel McLaughlin,DEN,37.0,187.0,5.1,1.0,0.0,8.0,74.0,,,,6.0,4.0,27.0,6.8,0.0,,,,,,,85.0,11.0,44.0,7.0,48.0,51.0,1.0,1.0,0.056,0.027,0.0233,0.0,0.0,0.0,0.0,0.0019,0.0,RB,00-0038794,2000-09-13,,,2023.0,2026.0,24.97,2023.0,3.0,3.631014,0.073692,1.210338,0.02
2018,Jalen Richard,OAK,55.0,259.0,4.7,1.0,2.0,16.0,,,,,81.0,68.0,607.0,8.9,0.0,177.0,3.43,78.0,62.0,45.0,62.0,413.0,26.0,13.0,20.0,30.0,33.0,2.0,1.0,0.105,0.0182,0.0217,0.0,0.0,0.0,0.0,0.0077,0.0,RB,00-0033025,1993-10-15,,,2016.0,2021.0,24.88,2016.0,3.0,3.142552,0.0,1.047517,0.0
2019,Jalen Richard,OAK,39.0,145.0,3.7,0.0,0.0,16.0,,,,,43.0,36.0,323.0,9.0,0.0,153.0,2.11,68.0,57.0,45.0,56.0,299.0,19.0,13.0,14.0,25.0,27.0,0.0,0.0,0.0,0.0,0.0034,0.0,0.0,0.0,0.0,0.0094,0.0,RB,00-0033025,1993-10-15,,,2016.0,2021.0,25.88,2019.0,1.0,4.953316,0.0,4.953316,0.0
2020,Jalen Richard,LV,22.0,123.0,5.6,1.0,0.0,13.0,69.0,,,,23.0,19.0,138.0,7.3,0.0,,,,,,,192.0,15.0,11.0,12.0,21.0,23.0,1.0,0.0,0.048,,,0.0,0.0,0.0,,,0.0,RB,00-0033025,1993-10-15,,,2016.0,2021.0,26.88,2020.0,2.0,10.63774,5.12891,5.31887,0.482
2018,Jamaal Williams,GB,121.0,463.0,3.8,3.0,0.0,16.0,,-64.0,-0.53,36.1,41.0,27.0,210.0,7.8,0.0,191.0,1.1,34.0,51.0,44.0,40.0,522.0,33.0,23.0,8.0,28.0,31.0,2.0,1.0,0.286,0.0248,0.0213,0.0,0.0,0.0,0.0,0.0097,0.0,RB,00-0033948,1995-04-03,4.0,134.0,2017.0,2024.0,23.41,2017.0,4.0,5.349442,1.020819,1.33736,0.191
2019,Jamaal Williams,GB,107.0,456.0,4.3,1.0,0.0,14.0,,-9.0,-0.08,41.3,45.0,39.0,253.0,6.5,5.0,154.0,1.71,53.0,59.0,49.0,55.0,373.0,27.0,29.0,12.0,39.0,41.0,2.0,1.0,0.105,0.0093,0.0138,3.0,3.0,3.0,0.1111,0.0816,0.0,RB,00-0033948,1995-04-03,4.0,134.0,2017.0,2024.0,24.41,2017.0,4.0,5.349442,1.020819,1.33736,0.191
2020,Jamaal Williams,GB,119.0,505.0,4.2,2.0,0.0,14.0,74.0,21.0,0.18,36.4,35.0,31.0,236.0,7.6,1.0,164.0,1.57,34.0,49.0,38.0,33.0,417.0,30.0,29.0,8.0,36.0,37.0,6.0,1.0,0.375,0.0168,0.0262,1.0,1.0,1.0,0.0286,0.032,0.0,RB,00-0033948,1995-04-03,4.0,134.0,2017.0,2024.0,25.42,2017.0,4.0,5.349442,1.020819,1.33736,0.191
2021,Jamaal Williams,DET,153.0,601.0,3.9,3.0,0.0,13.0,70.0,-50.0,-0.33,36.8,28.0,26.0,157.0,6.0,0.0,92.0,1.71,42.0,59.0,47.0,49.0,317.0,24.0,48.0,9.0,56.0,57.0,5.0,3.0,0.417,0.0196,0.0224,0.0,0.0,0.0,0.0,0.0036,0.0,RB,00-0033948,1995-04-03,4.0,134.0,2017.0,2024.0,26.41,2021.0,2.0,9.902466,5.363836,4.951233,0.542
2022,Jamaal Williams,DET,262.0,1066.0,4.1,17.0,2.0,17.0,72.0,-11.0,-0.04,34.8,16.0,12.0,73.0,6.1,0.0,,,,,,,459.0,27.0,57.0,3.0,60.0,61.0,29.0,12.0,0.853,0.0646,0.0629,0.0,0.0,0.0,0.0,0.0101,0.0,RB,00-0033948,1995-04-03,4.0,134.0,2017.0,2024.0,27.41,2021.0,2.0,9.902466,5.363836,4.951233,0.542
2023,Jamaal Williams,NO,106.0,306.0,2.9,1.0,0.0,13.0,72.0,-102.0,-0.98,28.8,20.0,18.0,62.0,3.4,0.0,,,,,,,324.0,25.0,33.0,6.0,38.0,39.0,0.0,0.0,0.0,0.0094,0.0144,0.0,0.0,0.0,0.0,0.0078,0.0,RB,00-0033948,1995-04-03,4.0,134.0,2017.0,2024.0,28.41,2023.0,3.0,16.078292,10.91984,5.359431,0.679
2024,Jamaal Williams,NO,48.0,164.0,3.4,1.0,0.0,14.0,71.0,,,,11.0,9.0,57.0,6.3,0.0,,,,,,,178.0,13.0,27.0,6.0,32.0,33.0,0.0,0.0,0.0,0.0208,0.0223,0.0,0.0,0.0,0.0,0.0085,0.0,RB,00-0033948,1995-04-03,4.0,134.0,2017.0,2024.0,29.42,2023.0,3.0,16.078292,10.91984,5.359431,0.679
2018,James Conner,PIT,215.0,970.0,4.5,12.0,2.0,13.0,,118.0,0.56,40.2,71.0,55.0,497.0,9.0,1.0,237.0,2.1,36.0,32.0,77.0,59.0,718.0,55.0,30.0,10.0,38.0,40.0,17.0,9.0,0.81,0.0558,0.0487,0.0,0.0,0.0,0.0141,0.0203,0.0,RB,00-0033553,1995-05-05,3.0,105.0,2017.0,2026.0,23.33,2017.0,4.0,5.726927,1.273856,1.431732,0.222
2019,James Conner,PIT,116.0,464.0,4.0,4.0,1.0,10.0,,-35.0,-0.31,37.4,38.0,34.0,251.0,7.4,3.0,92.0,2.73,43.0,61.0,82.0,80.0,328.0,33.0,35.0,12.0,46.0,47.0,5.0,2.0,0.455,0.0345,0.0303,0.0,0.0,0.0,0.0789,0.0512,0.0,RB,00-0033553,1995-05-05,3.0,105.0,2017.0,2026.0,24.33,2017.0,4.0,5.726927,1.273856,1.431732,0.222
2020,James Conner,PIT,169.0,721.0,4.3,6.0,0.0,13.0,69.0,-10.0,-0.06,34.4,43.0,35.0,215.0,6.1,0.0,166.0,1.48,45.0,45.0,39.0,37.0,562.0,43.0,30.0,8.0,36.0,38.0,10.0,5.0,0.4,0.0355,0.0352,0.0,1.0,0.0,0.0,0.0196,0.0,RB,00-0033553,1995-05-05,3.0,105.0,2017.0,2026.0,25.33,2017.0,4.0,5.726927,1.273856,1.431732,0.222
2021,James Conner,ARI,202.0,752.0,3.7,15.0,0.0,15.0,70.0,-66.0,-0.33,36.8,39.0,37.0,375.0,10.1,3.0,149.0,2.55,28.0,69.0,85.0,81.0,598.0,40.0,34.0,7.0,40.0,40.0,16.0,9.0,0.762,0.0743,0.0615,0.0,0.0,0.0,0.0769,0.0464,0.0,RB,00-0033553,1995-05-05,3.0,105.0,2017.0,2026.0,26.33,2021.0,1.0,2.888219,2.888219,2.888219,1.0
2022,James Conner,ARI,183.0,782.0,4.3,7.0,1.0,13.0,73.0,-1.0,0.0,41.2,58.0,46.0,300.0,6.5,1.0,257.0,1.17,42.0,38.0,42.0,34.0,663.0,51.0,28.0,9.0,35.0,36.0,8.0,4.0,0.571,0.0383,0.0332,0.0,1.0,0.0,0.0172,0.0181,0.0,RB,00-0033553,1995-05-05,3.0,105.0,2017.0,2026.0,27.33,2022.0,3.0,30.380403,19.530259,10.126801,0.643
2023,James Conner,ARI,208.0,1040.0,5.0,7.0,0.0,13.0,72.0,211.0,1.02,43.0,33.0,27.0,165.0,6.1,2.0,156.0,1.06,38.0,69.0,59.0,63.0,533.0,41.0,39.0,6.0,44.0,45.0,11.0,5.0,0.733,0.0337,0.0335,1.0,1.0,1.0,0.0606,0.0448,0.0,RB,00-0033553,1995-05-05,3.0,105.0,2017.0,2026.0,28.33,2022.0,3.0,30.380403,19.530259,10.126801,0.643
2024,James Conner,ARI,236.0,1094.0,4.6,8.0,1.0,16.0,72.0,110.0,0.48,39.6,55.0,47.0,414.0,8.8,1.0,216.0,1.92,34.0,53.0,74.0,66.0,619.0,39.0,38.0,9.0,46.0,47.0,12.0,6.0,0.857,0.0339,0.0333,1.0,1.0,1.0,0.0182,0.0208,0.0,RB,00-0033553,1995-05-05,3.0,105.0,2017.0,2026.0,29.33,2024.0,2.0,22.407204,9.729444,11.203602,0.434
2025,James Conner,ARI,32.0,95.0,3.0,1.0,0.0,4.0,71.0,,,,9.0,8.0,38.0,4.8,1.0,,,,,,,93.0,31.0,34.0,10.0,43.0,44.0,3.0,1.0,0.214,0.0313,0.0363,1.0,1.0,1.0,0.1111,0.0872,0.0,RB,00-0033553,1995-05-05,3.0,105.0,2017.0,2026.0,30.33,2024.0,2.0,22.407204,9.729444,11.203602,0.434
2022,James Cook III,BUF,91.0,525.0,5.8,2.0,1.0,17.0,71.0,,,,32.0,21.0,180.0,8.6,1.0,124.0,1.45,63.0,41.0,27.0,31.0,269.0,17.0,33.0,12.0,41.0,45.0,0.0,0.0,0.0,0.022,0.018,1.0,1.0,1.0,0.0303,0.0339,0.0,RB,00-0037248,1999-09-25,2.0,63.0,2022.0,2026.0,22.93,2022.0,4.0,8.437165,4.479799,2.109291,0.531
2023,James Cook III,BUF,237.0,1122.0,4.7,2.0,2.0,17.0,71.0,105.0,0.45,42.7,54.0,44.0,445.0,10.1,4.0,284.0,1.66,84.0,60.0,38.0,56.0,634.0,37.0,37.0,9.0,44.0,46.0,4.0,1.0,0.2,0.0084,0.0145,1.0,2.0,1.0,0.0741,0.0552,0.0,RB,00-0037248,1999-09-25,2.0,63.0,2022.0,2026.0,23.93,2022.0,4.0,8.437165,4.479799,2.109291,0.531
2024,James Cook III,BUF,207.0,1009.0,4.9,16.0,0.0,16.0,71.0,167.0,0.82,37.7,38.0,32.0,258.0,8.1,2.0,199.0,1.62,75.0,63.0,24.0,43.0,485.0,30.0,43.0,8.0,49.0,51.0,11.0,6.0,0.688,0.0773,0.0602,1.0,1.0,1.0,0.0526,0.0402,0.0,RB,00-0037248,1999-09-25,2.0,63.0,2022.0,2026.0,24.94,2022.0,4.0,8.437165,4.479799,2.109291,0.531
2025,James Cook III,BUF,309.0,1621.0,5.2,12.0,3.0,17.0,75.0,358.0,1.17,46.9,40.0,33.0,291.0,8.8,2.0,254.0,1.26,46.0,72.0,19.0,33.0,639.0,38.0,48.0,6.0,54.0,55.0,16.0,6.0,0.762,0.0388,0.0349,1.0,1.0,1.0,0.05,0.0367,0.0,RB,00-0037248,1999-09-25,2.0,63.0,2022.0,2026.0,25.94,2025.0,4.0,49.624642,16.484011,12.40616,0.332
2020,James Robinson,JAC,240.0,1070.0,4.5,7.0,1.0,14.0,69.0,40.0,0.17,37.6,60.0,49.0,344.0,7.0,3.0,172.0,2.0,52.0,53.0,61.0,62.0,617.0,44.0,39.0,10.0,47.0,49.0,6.0,5.0,0.857,0.0292,0.025,0.0,0.0,0.0,0.05,0.037,0.0,RB,00-0035831,1998-08-09,,,2020.0,2023.0,22.06,2020.0,3.0,3.480061,0.037992,1.16002,0.011
2021,James Robinson,JAC,164.0,767.0,4.7,8.0,2.0,14.0,70.0,-16.0,-0.1,35.2,46.0,31.0,222.0,7.2,0.0,191.0,1.16,52.0,28.0,44.0,35.0,530.0,38.0,31.0,9.0,37.0,40.0,10.0,7.0,0.667,0.0488,0.042,0.0,0.0,0.0,0.0,0.0047,1.0,RB,00-0035831,1998-08-09,,,2020.0,2023.0,23.06,2020.0,3.0,3.480061,0.037992,1.16002,0.011
2022,James Robinson,NYJ,110.0,425.0,3.9,3.0,0.0,11.0,69.0,-45.0,-0.41,25.0,14.0,11.0,51.0,4.6,2.0,,,,,,,272.0,25.0,40.0,5.0,44.0,46.0,5.0,0.0,0.263,0.0273,0.029,1.0,1.0,1.0,0.1429,0.1061,0.0,RB,00-0035831,1998-08-09,,,2020.0,2023.0,24.06,2020.0,3.0,3.480061,0.037992,1.16002,0.011
2018,James White,NE,94.0,425.0,4.5,5.0,0.0,16.0,,-7.0,-0.08,33.7,123.0,87.0,751.0,8.6,7.0,358.0,2.52,62.0,45.0,54.0,55.0,601.0,38.0,16.0,20.0,30.0,36.0,9.0,2.0,0.29,0.0532,0.0531,2.0,2.0,2.0,0.0569,0.0485,0.0,RB,00-0031062,1992-02-03,4.0,130.0,2014.0,2021.0,26.58,2017.0,3.0,21.643114,8.45885,7.214371,0.391
2019,James White,NE,67.0,263.0,3.9,1.0,1.0,15.0,,,,,95.0,72.0,645.0,9.0,5.0,266.0,2.66,55.0,68.0,54.0,63.0,490.0,33.0,14.0,19.0,29.0,33.0,5.0,1.0,0.2,0.0149,0.0281,0.0,1.0,0.0,0.0526,0.0474,0.0,RB,00-0031062,1992-02-03,4.0,130.0,2014.0,2021.0,27.58,2017.0,3.0,21.643114,8.45885,7.214371,0.391
2020,James White,NE,35.0,121.0,3.5,2.0,0.0,14.0,72.0,,,,62.0,49.0,375.0,7.7,1.0,130.0,2.88,92.0,56.0,47.0,65.0,291.0,22.0,11.0,19.0,25.0,30.0,1.0,1.0,0.1,0.0571,0.0406,0.0,0.0,0.0,0.0161,0.0196,0.0,RB,00-0031062,1992-02-03,4.0,130.0,2014.0,2021.0,28.58,,,,,,
2021,Jaret Patterson,WAS,68.0,266.0,3.9,2.0,0.0,15.0,75.0,,,,12.0,10.0,73.0,7.3,0.0,,,,,,,150.0,11.0,45.0,8.0,52.0,53.0,1.0,1.0,0.048,0.0294,0.0223,0.0,0.0,0.0,0.0,0.005,0.0,RB,00-0036755,1999-12-23,,,2021.0,2026.0,21.69,2021.0,3.0,4.060011,0.189797,1.353337,0.047
2022,Jaret Patterson,WAS,17.0,78.0,4.6,0.0,0.0,2.0,71.0,,,,1.0,0.0,0.0,0.0,0.0,,,,,,,33.0,33.0,52.0,3.0,52.0,55.0,0.0,0.0,0.0,,,0.0,0.0,0.0,,,0.0,RB,00-0036755,1999-12-23,,,2021.0,2026.0,22.69,2022.0,1.0,0.299464,0.0,0.299464,0.0
2025,Jaret Patterson,LAC,41.0,159.0,3.9,1.0,0.0,6.0,69.0,,,,4.0,3.0,8.0,2.7,0.0,,,,,,,116.0,19.0,35.0,3.0,38.0,39.0,2.0,1.0,0.118,0.0244,0.0267,0.0,0.0,0.0,0.0,0.0032,0.0,RB,00-0036755,1999-12-23,,,2021.0,2026.0,25.69,2025.0,1.0,0.311412,0.0,0.311412,0.0
2021,Javonte Williams,DEN,203.0,903.0,4.4,4.0,1.0,17.0,70.0,11.0,0.06,36.3,53.0,43.0,316.0,7.3,3.0,210.0,1.5,55.0,60.0,47.0,54.0,551.0,32.0,37.0,10.0,45.0,46.0,10.0,3.0,0.476,0.0197,0.026,0.0,0.0,0.0,0.0566,0.0424,0.0,RB,00-0036997,2000-04-25,2.0,35.0,2021.0,2026.0,21.35,2021.0,4.0,14.632138,11.087875,3.658035,0.758
2022,Javonte Williams,DEN,47.0,204.0,4.3,0.0,1.0,4.0,74.0,,,,22.0,16.0,76.0,4.8,0.0,,,,,,,142.0,36.0,33.0,15.0,44.0,49.0,2.0,0.0,0.111,0.0,0.0124,0.0,2.0,0.0,0.0,0.0321,1.0,RB,00-0036997,2000-04-25,2.0,35.0,2021.0,2026.0,22.35,2021.0,4.0,14.632138,11.087875,3.658035,0.758
2023,Javonte Williams,DEN,217.0,774.0,3.6,3.0,1.0,16.0,74.0,-83.0,-0.38,39.4,58.0,47.0,228.0,4.9,2.0,148.0,1.54,76.0,63.0,25.0,45.0,493.0,31.0,44.0,12.0,54.0,56.0,7.0,2.0,0.636,0.0138,0.0205,2.0,2.0,2.0,0.0345,0.0329,0.0,RB,00-0036997,2000-04-25,2.0,35.0,2021.0,2026.0,23.35,2021.0,4.0,14.632138,11.087875,3.658035,0.758
2024,Javonte Williams,DEN,139.0,513.0,3.7,4.0,2.0,17.0,75.0,-83.0,-0.6,30.4,70.0,52.0,346.0,6.7,0.0,257.0,1.4,63.0,57.0,19.0,32.0,574.0,34.0,24.0,12.0,33.0,36.0,10.0,2.0,0.625,0.0288,0.0335,0.0,0.0,0.0,0.0,0.0069,0.0,RB,00-0036997,2000-04-25,2.0,35.0,2021.0,2026.0,24.35,2021.0,4.0,14.632138,11.087875,3.658035,0.758
2025,Javonte Williams,DAL,252.0,1201.0,4.8,11.0,2.0,16.0,72.0,156.0,0.62,45.0,51.0,35.0,137.0,3.9,2.0,297.0,0.46,53.0,57.0,17.0,27.0,769.0,48.0,33.0,7.0,37.0,39.0,20.0,10.0,0.87,0.0437,0.0426,3.0,4.0,2.0,0.0392,0.0521,0.0,RB,00-0036997,2000-04-25,2.0,35.0,2021.0,2026.0,25.35,2025.0,1.0,3.23639,2.157593,3.23639,0.667
2025,Jawhar Jordan,HOU,43.0,193.0,4.5,0.0,0.0,4.0,68.0,,,,7.0,7.0,34.0,4.9,0.0,,,,,,,79.0,20.0,54.0,9.0,63.0,63.0,1.0,0.0,0.048,0.0,0.0091,0.0,0.0,0.0,0.0,0.0038,0.0,RB,00-0039405,1999-08-18,6.0,205.0,2024.0,2026.0,26.04,2025.0,1.0,0.927765,0.010788,0.927765,0.012
2025,Jaydon Blue,DAL,38.0,129.0,3.4,1.0,0.0,5.0,72.0,,,,1.0,1.0,5.0,5.0,0.0,,,,,,,78.0,16.0,49.0,1.0,50.0,50.0,0.0,0.0,0.0,0.0263,0.024,0.0,0.0,0.0,0.0,0.0182,0.0,RB,00-0040586,2004-01-08,5.0,149.0,2025.0,2026.0,21.65,2025.0,4.0,4.991665,0.460719,1.247916,0.092
2018,Jaylen Samuels,PIT,56.0,256.0,4.6,0.0,0.0,14.0,,,,,29.0,26.0,199.0,7.7,3.0,,,,,,,228.0,16.0,25.0,13.0,36.0,37.0,2.0,0.0,0.095,0.0,0.0122,1.0,1.0,1.0,0.1034,0.0746,0.0,RB,00-0034331,1996-07-20,5.0,165.0,2018.0,2021.0,22.12,2018.0,4.0,4.620095,0.438651,1.155024,0.095
2019,Jaylen Samuels,PIT,66.0,175.0,2.7,1.0,1.0,14.0,,,,,57.0,47.0,305.0,6.5,1.0,137.0,2.23,57.0,35.0,37.0,34.0,362.0,26.0,18.0,16.0,33.0,35.0,3.0,1.0,0.273,0.0152,0.0231,1.0,1.0,1.0,0.0175,0.0242,0.0,RB,00-0034331,1996-07-20,5.0,165.0,2018.0,2021.0,23.12,2018.0,4.0,4.620095,0.438651,1.155024,0.095
2022,Jaylen Warren,PIT,77.0,379.0,4.9,1.0,0.0,16.0,72.0,,,,33.0,28.0,214.0,7.6,0.0,146.0,1.47,70.0,82.0,61.0,82.0,342.0,21.0,23.0,10.0,31.0,32.0,1.0,1.0,0.091,0.013,0.018,0.0,0.0,0.0,0.0,0.0112,0.0,RB,00-0037228,1998-11-01,,,2022.0,2026.0,23.83,2022.0,3.0,3.720876,0.01736,1.240292,0.005
2023,Jaylen Warren,PIT,149.0,784.0,5.3,4.0,2.0,17.0,72.0,148.0,1.0,39.5,74.0,61.0,370.0,6.1,0.0,214.0,1.8,57.0,71.0,47.0,61.0,519.0,31.0,29.0,14.0,40.0,43.0,4.0,0.0,0.286,0.0268,0.0248,0.0,0.0,0.0,0.0,0.0078,0.0,RB,00-0037228,1998-11-01,,,2022.0,2026.0,24.83,2022.0,3.0,3.720876,0.01736,1.240292,0.005
2024,Jaylen Warren,PIT,120.0,511.0,4.3,1.0,1.0,15.0,71.0,-14.0,-0.11,37.5,47.0,38.0,310.0,8.2,0.0,193.0,1.7,75.0,50.0,33.0,45.0,447.0,30.0,27.0,11.0,35.0,37.0,4.0,1.0,0.235,0.0083,0.0159,0.0,0.0,0.0,0.0,0.0115,0.0,RB,00-0037228,1998-11-01,,,2022.0,2026.0,25.83,2022.0,3.0,3.720876,0.01736,1.240292,0.005
2025,Jaylen Warren,PIT,211.0,958.0,4.5,6.0,0.0,16.0,72.0,181.0,0.86,44.5,45.0,40.0,333.0,8.3,2.0,163.0,2.07,56.0,75.0,64.0,76.0,489.0,31.0,43.0,9.0,51.0,52.0,12.0,4.0,0.571,0.0284,0.0326,1.0,1.0,1.0,0.0444,0.0416,0.0,RB,00-0037228,1998-11-01,,,2022.0,2026.0,26.83,2025.0,2.0,12.841994,12.692042,6.420997,0.988
2024,Jaylen Wright,MIA,68.0,249.0,3.7,0.0,1.0,15.0,70.0,,,,6.0,3.0,8.0,2.7,0.0,,,,,,,171.0,11.0,40.0,4.0,42.0,43.0,0.0,0.0,0.0,0.0,0.0038,0.0,0.0,0.0,0.0,0.0228,0.0,RB,00-0039874,2003-04-01,4.0,120.0,2024.0,2026.0,21.42,2024.0,4.0,5.637204,0.896312,1.409301,0.159
2025,Jaylen Wright,MIA,70.0,288.0,4.1,2.0,1.0,11.0,70.0,,,,9.0,5.0,44.0,8.8,0.0,,,,,,,127.0,13.0,55.0,7.0,59.0,62.0,2.0,2.0,0.167,0.0286,0.0307,0.0,0.0,0.0,0.0,0.0035,0.0,RB,00-0039874,2003-04-01,4.0,120.0,2024.0,2026.0,22.42,2024.0,4.0,5.637204,0.896312,1.409301,0.159
2018,Jeff Wilson Jr.,SF,66.0,266.0,4.0,0.0,2.0,6.0,,,,,15.0,12.0,98.0,8.2,0.0,,,,,,,197.0,33.0,34.0,8.0,40.0,41.0,0.0,0.0,0.0,0.0,0.0062,0.0,1.0,0.0,0.0,0.0337,0.0,RB,00-0034115,1995-11-16,,,2018.0,2025.0,22.79,2018.0,3.0,2.923612,0.016998,0.974537,0.006
2019,Jeff Wilson Jr.,SF,27.0,105.0,3.9,4.0,0.0,11.0,,,,,5.0,3.0,34.0,11.3,1.0,,,,,,,60.0,6.0,45.0,8.0,50.0,53.0,6.0,4.0,0.3,0.1481,0.1354,0.0,0.0,0.0,0.2,0.1352,0.0,RB,00-0034115,1995-11-16,,,2018.0,2025.0,23.79,2019.0,1.0,0.326487,0.0,0.326487,0.0
2020,Jeff Wilson Jr.,SF,126.0,600.0,4.8,7.0,2.0,12.0,69.0,5.0,0.04,39.8,28.0,13.0,133.0,10.2,3.0,102.0,1.3,41.0,8.0,52.0,28.0,311.0,26.0,41.0,9.0,45.0,50.0,8.0,4.0,0.333,0.0556,0.0475,0.0,1.0,0.0,0.1071,0.0787,0.0,RB,00-0034115,1995-11-16,,,2018.0,2025.0,24.79,2020.0,1.0,1.139758,0.0,1.139758,0.0
2021,Jeff Wilson Jr.,SF,79.0,294.0,3.7,2.0,0.0,9.0,70.0,,,,8.0,7.0,31.0,4.4,0.0,,,,,,,228.0,25.0,35.0,4.0,38.0,38.0,4.0,2.0,0.308,0.0253,0.0275,0.0,1.0,0.0,0.0,0.0473,0.0,RB,00-0034115,1995-11-16,,,2018.0,2025.0,25.79,2021.0,1.0,3.383342,3.383342,3.383342,1.0
2022,Jeff Wilson Jr.,MIA,176.0,860.0,4.9,5.0,2.0,16.0,71.0,69.0,0.4,34.9,37.0,22.0,185.0,8.4,1.0,241.0,0.82,61.0,29.0,33.0,30.0,525.0,33.0,34.0,7.0,38.0,41.0,9.0,3.0,0.563,0.0284,0.0301,0.0,0.0,0.0,0.027,0.0291,0.0,RB,00-0034115,1995-11-16,,,2018.0,2025.0,26.79,2022.0,1.0,1.569654,0.766744,1.569654,0.488
2023,Jeff Wilson Jr.,MIA,41.0,188.0,4.6,0.0,0.0,9.0,71.0,,,,17.0,14.0,85.0,6.1,0.0,,,,,,,147.0,16.0,28.0,12.0,37.0,39.0,1.0,0.0,0.037,0.0,0.0119,0.0,0.0,0.0,0.0,0.0099,0.0,RB,00-0034115,1995-11-16,,,2018.0,2025.0,27.79,2023.0,2.0,8.039146,3.543923,4.019573,0.441
2018,Jeremy McNichols,IND,2.0,4.0,2.0,0.0,0.0,1.0,,,,,0.0,0.0,0.0,0.0,0.0,,,,,,,2.0,2.0,100.0,0.0,100.0,100.0,0.0,0.0,0.0,,,0.0,0.0,0.0,,,0.0,RB,00-0033955,1995-12-26,5.0,162.0,2017.0,2026.0,22.68,2018.0,3.0,3.289063,0.0,1.096354,0.0
2019,Jeremy McNichols,JAC,0.0,0.0,0.0,0.0,0.0,1.0,,,,,0.0,0.0,0.0,0.0,0.0,,,,,,,3.0,3.0,0.0,0.0,0.0,0.0,0.0,0.0,0.0,,,0.0,0.0,0.0,,,0.0,RB,00-0033955,1995-12-26,5.0,162.0,2017.0,2026.0,23.68,2019.0,1.0,0.217658,0.0,0.217658,0.0
2020,Jeremy McNichols,TEN,47.0,204.0,4.3,1.0,0.0,16.0,70.0,,,,17.0,12.0,55.0,4.6,0.0,,,,,,,271.0,17.0,17.0,6.0,22.0,24.0,1.0,1.0,0.048,0.0213,0.0225,0.0,0.0,0.0,0.0,0.0267,0.0,RB,00-0033955,1995-12-26,5.0,162.0,2017.0,2026.0,24.68,2020.0,1.0,0.21701,0.0,0.21701,0.0
2021,Jeremy McNichols,TEN,41.0,156.0,3.8,0.0,0.0,13.0,69.0,,,,38.0,28.0,240.0,8.6,1.0,112.0,2.14,60.0,37.0,60.0,56.0,268.0,21.0,15.0,14.0,26.0,29.0,1.0,0.0,0.059,0.0,0.0109,0.0,0.0,0.0,0.0263,0.0279,0.0,RB,00-0033955,1995-12-26,5.0,162.0,2017.0,2026.0,25.68,2021.0,1.0,0.273308,0.0,0.273308,0.0
2022,Jeremy McNichols,FA,,,,,,,,,,,,,,,,,,,,,,,,,,,,,,,,,,,,,,1.0,RB,00-0033955,1995-12-26,5.0,162.0,2017.0,2026.0,26.68,2022.0,1.0,1.49732,0.0,1.49732,0.0
2023,Jeremy McNichols,SF,0.0,0.0,0.0,0.0,0.0,2.0,69.0,,,,0.0,0.0,0.0,0.0,0.0,,,,,,,,,,,,,0.0,0.0,0.0,,,0.0,0.0,0.0,,,0.0,RB,00-0033955,1995-12-26,5.0,162.0,2017.0,2026.0,27.68,2023.0,1.0,0.496819,0.0,0.496819,0.0
2024,Jeremy McNichols,WAS,55.0,261.0,4.7,4.0,0.0,17.0,74.0,,,,12.0,9.0,27.0,3.0,0.0,,,,,,,251.0,16.0,22.0,5.0,25.0,27.0,2.0,2.0,0.091,0.0727,0.0529,0.0,0.0,0.0,0.0,0.0117,0.0,RB,00-0033955,1995-12-26,5.0,162.0,2017.0,2026.0,28.68,2024.0,1.0,1.326742,0.0,1.326742,0.0
2025,Jeremy McNichols,WAS,44.0,221.0,5.0,1.0,1.0,17.0,70.0,,,,31.0,25.0,196.0,7.8,0.0,168.0,1.17,87.0,68.0,52.0,74.0,337.0,20.0,13.0,9.0,20.0,22.0,1.0,0.0,0.05,0.0227,0.021,0.0,0.0,0.0,0.0,0.0069,0.0,RB,00-0033955,1995-12-26,5.0,162.0,2017.0,2026.0,29.68,2025.0,1.0,1.44289,0.531307,1.44289,0.368
2018,Jerick McKinnon,FA,,,,,,,,,,,,,,,,,,,,,,,,,,,,,,,,,,,,,,1.0,RB,00-0031376,1992-05-03,3.0,96.0,2014.0,2023.0,26.33,2018.0,4.0,50.993228,19.887359,12.748307,0.39
2019,Jerick McKinnon,FA,,,,,,,,,,,,,,,,,,,,,,,,,,,,,,,,,,,,,,1.0,RB,00-0031376,1992-05-03,3.0,96.0,2014.0,2023.0,27.33,2018.0,4.0,50.993228,19.887359,12.748307,0.39
2020,Jerick McKinnon,SF,81.0,319.0,3.9,5.0,0.0,16.0,69.0,,,,46.0,33.0,253.0,7.7,1.0,170.0,1.49,50.0,41.0,38.0,35.0,372.0,23.0,22.0,12.0,31.0,34.0,4.0,3.0,0.167,0.0617,0.0477,1.0,1.0,1.0,0.0217,0.0263,0.0,RB,00-0031376,1992-05-03,3.0,96.0,2014.0,2023.0,28.33,2020.0,1.0,1.762825,0.0,1.762825,0.0
2021,Jerick McKinnon,KC,12.0,62.0,5.2,0.0,0.0,9.0,74.0,,,,20.0,13.0,107.0,8.2,1.0,188.0,1.45,17.0,36.0,83.0,59.0,147.0,16.0,8.0,14.0,17.0,22.0,0.0,0.0,0.0,,,0.0,0.0,0.0,,,0.0,RB,00-0031376,1992-05-03,3.0,96.0,2014.0,2023.0,29.33,2021.0,1.0,1.633907,0.247562,1.633907,0.152
2022,Jerick McKinnon,KC,72.0,291.0,4.0,1.0,1.0,17.0,74.0,,,,71.0,56.0,512.0,9.1,9.0,332.0,1.64,63.0,79.0,47.0,66.0,535.0,31.0,13.0,13.0,24.0,27.0,5.0,0.0,0.278,0.0139,0.0291,3.0,3.0,2.0,0.1268,0.0963,0.0,RB,00-0031376,1992-05-03,3.0,96.0,2014.0,2023.0,30.33,2022.0,1.0,1.717939,0.0,1.717939,0.0
2023,Jerick McKinnon,KC,21.0,60.0,2.9,1.0,0.0,12.0,75.0,,,,32.0,25.0,192.0,7.7,4.0,159.0,1.3,61.0,49.0,27.0,34.0,264.0,22.0,8.0,12.0,18.0,20.0,0.0,0.0,0.0,,,1.0,1.0,1.0,,,0.0,RB,00-0031376,1992-05-03,3.0,96.0,2014.0,2023.0,31.33,2023.0,1.0,1.765262,1.463794,1.765262,0.829
2022,Jerome Ford,CLE,8.0,12.0,1.5,0.0,0.0,13.0,72.0,,,,0.0,0.0,0.0,0.0,0.0,,,,,,,,,,,,,0.0,0.0,0.0,,,0.0,0.0,0.0,,,0.0,RB,00-0037267,1999-09-12,5.0,156.0,2022.0,2026.0,22.97,2022.0,4.0,5.760917,0.466047,1.440229,0.081
2023,Jerome Ford,CLE,204.0,813.0,4.0,4.0,1.0,17.0,70.0,-4.0,-0.02,35.2,63.0,44.0,319.0,7.3,5.0,286.0,1.17,62.0,58.0,45.0,54.0,629.0,37.0,32.0,10.0,39.0,42.0,4.0,3.0,0.222,0.0196,0.0176,1.0,1.0,1.0,0.0794,0.0506,0.0,RB,00-0037267,1999-09-12,5.0,156.0,2022.0,2026.0,23.97,2022.0,4.0,5.760917,0.466047,1.440229,0.081
2024,Jerome Ford,CLE,104.0,565.0,5.4,3.0,0.0,14.0,72.0,114.0,1.1,39.8,43.0,37.0,225.0,6.1,0.0,264.0,0.85,50.0,78.0,43.0,57.0,526.0,38.0,20.0,8.0,27.0,28.0,3.0,2.0,0.2,0.0288,0.0247,0.0,0.0,0.0,0.0,0.0031,0.0,RB,00-0037267,1999-09-12,5.0,156.0,2022.0,2026.0,24.97,2022.0,4.0,5.760917,0.466047,1.440229,0.081
2025,Jerome Ford,CLE,24.0,73.0,3.0,0.0,0.0,13.0,70.0,,,,32.0,26.0,103.0,4.0,0.0,148.0,0.7,66.0,58.0,21.0,35.0,269.0,21.0,9.0,12.0,19.0,21.0,3.0,0.0,0.167,,,0.0,0.0,0.0,,,0.0,RB,00-0037267,1999-09-12,5.0,156.0,2022.0,2026.0,25.97,2025.0,1.0,1.887894,1.887894,1.887894,1.0
2018,Joe Mixon,CIN,237.0,1168.0,4.9,8.0,0.0,14.0,,174.0,0.75,39.9,55.0,43.0,296.0,6.9,1.0,,,,,,,595.0,43.0,40.0,9.0,47.0,49.0,13.0,6.0,0.813,0.0338,0.0331,0.0,1.0,0.0,0.0182,0.0257,0.0,RB,00-0033897,1996-07-24,2.0,48.0,2017.0,2025.0,22.11,2017.0,4.0,9.829873,5.079796,2.457469,0.517
2019,Joe Mixon,CIN,278.0,1137.0,4.1,5.0,0.0,16.0,,-28.0,-0.1,35.8,45.0,35.0,287.0,8.2,3.0,,,,,,,653.0,41.0,43.0,7.0,48.0,49.0,15.0,3.0,0.938,0.018,0.0268,3.0,3.0,3.0,0.0667,0.0568,0.0,RB,00-0033897,1996-07-24,2.0,48.0,2017.0,2025.0,23.1,2017.0,4.0,9.829873,5.079796,2.457469,0.517
2020,Joe Mixon,CIN,119.0,428.0,3.6,3.0,1.0,6.0,71.0,-29.0,-0.25,37.6,26.0,21.0,138.0,6.6,1.0,,,,,,,290.0,48.0,41.0,9.0,48.0,50.0,5.0,0.0,0.333,0.0252,0.0265,0.0,1.0,0.0,0.0385,0.0346,1.0,RB,00-0033897,1996-07-24,2.0,48.0,2017.0,2025.0,24.11,2020.0,4.0,72.944501,15.196771,18.236125,0.208
2021,Joe Mixon,CIN,292.0,1205.0,4.1,13.0,1.0,16.0,71.0,-21.0,-0.07,35.9,48.0,42.0,314.0,7.5,3.0,306.0,1.38,42.0,55.0,53.0,53.0,697.0,44.0,42.0,7.0,48.0,49.0,15.0,7.0,0.938,0.0445,0.038,1.0,2.0,0.0,0.0625,0.0531,0.0,RB,00-0033897,1996-07-24,2.0,48.0,2017.0,2025.0,25.11,2020.0,4.0,72.944501,15.196771,18.236125,0.208
2022,Joe Mixon,CIN,212.0,826.0,3.9,7.0,0.0,15.0,72.0,43.0,0.21,41.7,75.0,60.0,441.0,7.4,2.0,275.0,1.79,73.0,68.0,55.0,71.0,624.0,45.0,34.0,12.0,43.0,46.0,16.0,5.0,0.941,0.033,0.0388,1.0,3.0,0.0,0.0267,0.0355,0.0,RB,00-0033897,1996-07-24,2.0,48.0,2017.0,2025.0,26.11,2020.0,4.0,72.944501,15.196771,18.236125,0.208
2023,Joe Mixon,CIN,257.0,1034.0,4.0,9.0,0.0,17.0,67.0,6.0,0.02,41.0,64.0,52.0,376.0,7.2,3.0,290.0,1.3,60.0,77.0,68.0,81.0,752.0,44.0,34.0,9.0,41.0,43.0,20.0,6.0,1.0,0.035,0.0407,2.0,3.0,1.0,0.0469,0.047,0.0,RB,00-0033897,1996-07-24,2.0,48.0,2017.0,2025.0,27.1,2023.0,2.0,15.408363,5.530932,7.704181,0.359
2024,Joe Mixon,HOU,245.0,1016.0,4.1,11.0,0.0,14.0,68.0,80.0,0.33,38.2,52.0,36.0,309.0,8.6,1.0,228.0,1.46,55.0,53.0,63.0,65.0,557.0,40.0,44.0,9.0,51.0,54.0,12.0,6.0,1.0,0.0447,0.0413,1.0,2.0,0.0,0.0192,0.0319,0.0,RB,00-0033897,1996-07-24,2.0,48.0,2017.0,2025.0,28.11,2024.0,2.0,23.291699,15.331245,11.64585,0.658
2020,Jonathan Taylor,IND,232.0,1169.0,5.0,11.0,1.0,15.0,72.0,151.0,0.66,42.5,40.0,36.0,299.0,8.3,1.0,161.0,1.89,30.0,41.0,59.0,46.0,511.0,34.0,45.0,8.0,52.0,53.0,15.0,7.0,0.625,0.0474,0.0447,0.0,1.0,0.0,0.0244,0.0267,0.0,RB,00-0036223,1999-01-19,2.0,41.0,2020.0,2026.0,21.62,2020.0,4.0,11.897786,7.339735,2.974447,0.617
2021,Jonathan Taylor,IND,332.0,1811.0,5.5,18.0,2.0,17.0,72.0,390.0,1.19,41.9,51.0,40.0,360.0,9.0,2.0,219.0,1.64,34.0,53.0,61.0,55.0,767.0,45.0,43.0,7.0,49.0,50.0,29.0,12.0,0.967,0.0542,0.0525,0.0,0.0,0.0,0.0377,0.0255,0.0,RB,00-0036223,1999-01-19,2.0,41.0,2020.0,2026.0,22.62,2020.0,4.0,11.897786,7.339735,2.974447,0.617
2022,Jonathan Taylor,IND,192.0,861.0,4.5,4.0,3.0,12.0,71.0,126.0,0.66,42.6,40.0,28.0,143.0,5.1,0.0,203.0,0.7,25.0,41.0,42.0,30.0,524.0,48.0,37.0,8.0,42.0,44.0,9.0,3.0,0.75,0.0208,0.0256,1.0,1.0,0.0,0.0,0.0105,1.0,RB,00-0036223,1999-01-19,2.0,41.0,2020.0,2026.0,23.62,2020.0,4.0,11.897786,7.339735,2.974447,0.617
2023,Jonathan Taylor,IND,169.0,741.0,4.4,7.0,0.0,10.0,74.0,54.0,0.32,33.5,23.0,19.0,153.0,8.1,1.0,,,,,,,386.0,39.0,44.0,6.0,49.0,50.0,12.0,6.0,0.5,0.0414,0.0397,0.0,0.0,0.0,0.0435,0.0417,0.0,RB,00-0036223,1999-01-19,2.0,41.0,2020.0,2026.0,24.62,2023.0,3.0,56.274021,25.922971,18.758007,0.461
2024,Jonathan Taylor,IND,303.0,1431.0,4.7,11.0,1.0,14.0,74.0,194.0,0.65,39.0,31.0,18.0,136.0,7.6,1.0,232.0,0.59,57.0,48.0,48.0,50.0,707.0,51.0,43.0,4.0,45.0,47.0,18.0,6.0,0.692,0.0363,0.0357,0.0,0.0,0.0,0.0313,0.0252,0.0,RB,00-0036223,1999-01-19,2.0,41.0,2020.0,2026.0,25.62,2023.0,3.0,56.274021,25.922971,18.758007,0.461
2025,Jonathan Taylor,IND,323.0,1585.0,4.9,18.0,1.0,17.0,73.0,195.0,0.61,37.4,55.0,46.0,378.0,8.2,2.0,337.0,1.12,52.0,80.0,55.0,69.0,883.0,52.0,37.0,6.0,42.0,43.0,22.0,9.0,0.917,0.0557,0.048,0.0,0.0,0.0,0.0364,0.0267,0.0,RB,00-0036223,1999-01-19,2.0,41.0,2020.0,2026.0,26.62,2023.0,3.0,56.274021,25.922971,18.758007,0.461
2018,Jonathan Williams,NO,3.0,0.0,0.0,0.0,0.0,3.0,,,,,1.0,1.0,1.0,1.0,0.0,,,,,,,18.0,6.0,17.0,6.0,22.0,22.0,0.0,0.0,0.0,,,0.0,0.0,0.0,,,0.0,RB,00-0032975,1994-02-02,5.0,156.0,2016.0,2023.0,24.58,2018.0,2.0,2.294695,0.0,1.147348,0.0
2019,Jonathan Williams,IND,49.0,235.0,4.8,1.0,0.0,9.0,,,,,5.0,5.0,59.0,11.8,0.0,,,,,,,99.0,11.0,49.0,5.0,55.0,55.0,1.0,0.0,0.071,0.0204,0.0206,0.0,0.0,0.0,0.0,0.0017,0.0,RB,00-0032975,1994-02-02,5.0,156.0,2016.0,2023.0,25.58,2018.0,2.0,2.294695,0.0,1.147348,0.0
2020,Jonathan Williams,DET,1.0,5.0,5.0,0.0,1.0,5.0,70.0,,,,4.0,4.0,21.0,5.3,0.0,,,,,,,27.0,5.0,4.0,15.0,19.0,19.0,0.0,0.0,0.0,,,0.0,0.0,0.0,,,0.0,RB,00-0032975,1994-02-02,5.0,156.0,2016.0,2023.0,26.58,2020.0,1.0,1.382906,0.0,1.382906,0.0
2021,Jonathan Williams,WAS,17.0,79.0,4.6,1.0,0.0,5.0,75.0,,,,6.0,4.0,28.0,7.0,0.0,,,,,,,55.0,11.0,31.0,11.0,38.0,42.0,2.0,1.0,0.095,,,0.0,0.0,0.0,,,0.0,RB,00-0032975,1994-02-02,5.0,156.0,2016.0,2023.0,27.58,2021.0,1.0,0.415904,0.0,0.415904,0.0
2022,Jonathan Williams,WAS,37.0,152.0,4.1,0.0,0.0,9.0,71.0,,,,10.0,7.0,40.0,5.7,0.0,,,,,,,99.0,12.0,37.0,10.0,44.0,47.0,0.0,0.0,0.0,0.0,0.0098,0.0,0.0,0.0,0.0,0.0044,0.0,RB,00-0032975,1994-02-02,5.0,156.0,2016.0,2023.0,28.58,2022.0,1.0,1.526254,0.028934,1.526254,0.019
2018,Jordan Howard,CHI,250.0,935.0,3.7,9.0,1.0,16.0,,-113.0,-0.45,33.5,27.0,20.0,145.0,7.3,0.0,152.0,0.95,29.0,41.0,49.0,37.0,624.0,39.0,40.0,4.0,43.0,44.0,11.0,5.0,0.917,0.036,0.0329,0.0,1.0,0.0,0.0,0.0203,0.0,RB,00-0032780,1994-11-02,5.0,150.0,2016.0,2022.0,23.83,2016.0,4.0,5.02037,0.481129,1.255092,0.096
2019,Jordan Howard,PHI,119.0,525.0,4.4,6.0,0.0,10.0,,-10.0,-0.08,41.2,14.0,10.0,69.0,6.9,1.0,,,,,,,280.0,28.0,43.0,5.0,46.0,48.0,10.0,5.0,0.556,0.0504,0.0473,0.0,0.0,0.0,0.0714,0.0446,0.0,RB,00-0032780,1994-11-02,5.0,150.0,2016.0,2022.0,24.83,2016.0,4.0,5.02037,0.481129,1.255092,0.096
2020,Jordan Howard,PHI,35.0,60.0,1.7,4.0,0.0,7.0,73.0,,,,1.0,1.0,-3.0,-3.0,0.0,,,,,,,68.0,10.0,51.0,1.0,53.0,53.0,9.0,4.0,0.429,0.1143,0.113,0.0,0.0,0.0,0.0,0.0022,0.0,RB,00-0032780,1994-11-02,5.0,150.0,2016.0,2022.0,25.83,2020.0,2.0,14.816852,7.218466,7.408426,0.487
2021,Jordan Howard,PHI,86.0,406.0,4.7,3.0,0.0,7.0,74.0,,,,5.0,2.0,19.0,9.5,0.0,,,,,,,153.0,22.0,56.0,3.0,58.0,59.0,8.0,3.0,0.276,0.0349,0.0447,0.0,0.0,0.0,0.0,0.006,0.0,RB,00-0032780,1994-11-02,5.0,150.0,2016.0,2022.0,26.83,2021.0,1.0,0.415904,0.0,0.415904,0.0
2022,Jordan Mason,SF,43.0,258.0,6.0,1.0,0.0,12.0,71.0,,,,0.0,0.0,0.0,0.0,0.0,,,,,,,82.0,9.0,52.0,0.0,52.0,52.0,1.0,0.0,0.053,0.0233,0.0242,0.0,0.0,0.0,0.0,0.0,0.0,RB,00-0037525,1999-05-24,,,2022.0,2026.0,23.27,2022.0,3.0,3.703516,0.057867,1.234505,0.016
2023,Jordan Mason,SF,40.0,206.0,5.2,3.0,0.0,16.0,69.0,,,,4.0,3.0,31.0,10.3,0.0,,,,,,,99.0,9.0,40.0,4.0,43.0,44.0,1.0,1.0,0.042,0.075,0.048,0.0,0.0,0.0,0.0,0.0026,0.0,RB,00-0037525,1999-05-24,,,2022.0,2026.0,24.27,2022.0,3.0,3.703516,0.057867,1.234505,0.016
2024,Jordan Mason,SF,153.0,789.0,5.2,3.0,1.0,12.0,71.0,207.0,1.38,48.7,14.0,11.0,91.0,8.3,0.0,,,,,,,378.0,32.0,40.0,4.0,43.0,44.0,9.0,2.0,0.474,0.0196,0.0288,0.0,0.0,0.0,0.0,0.0171,1.0,RB,00-0037525,1999-05-24,,,2022.0,2026.0,25.28,2022.0,3.0,3.703516,0.057867,1.234505,0.016
2025,Jordan Mason,MIN,159.0,758.0,4.8,6.0,1.0,16.0,74.0,158.0,1.02,43.9,16.0,14.0,51.0,3.6,0.0,,,,,,,413.0,26.0,38.0,4.0,42.0,42.0,7.0,4.0,0.583,0.0377,0.0319,0.0,0.0,0.0,0.0,0.0057,0.0,RB,00-0037525,1999-05-24,,,2022.0,2026.0,26.28,2025.0,2.0,11.327364,7.799699,5.663682,0.689
2018,Jordan Wilkins,IND,60.0,336.0,5.6,1.0,2.0,16.0,,,,,17.0,16.0,85.0,5.3,0.0,,,,,,,200.0,13.0,30.0,9.0,38.0,39.0,1.0,0.0,0.059,0.0167,0.0158,1.0,1.0,0.0,0.0,0.039,0.0,RB,00-0034400,1994-07-18,5.0,169.0,2018.0,2023.0,24.12,2018.0,4.0,4.591498,0.410054,1.147875,0.089
2019,Jordan Wilkins,IND,51.0,307.0,6.0,2.0,0.0,14.0,,,,,11.0,7.0,43.0,6.1,0.0,,,,,,,173.0,12.0,29.0,6.0,34.0,36.0,5.0,2.0,0.357,0.0392,0.0451,0.0,0.0,0.0,0.0,0.0077,0.0,RB,00-0034400,1994-07-18,5.0,169.0,2018.0,2023.0,25.12,2018.0,4.0,4.591498,0.410054,1.147875,0.089
2020,Jordan Wilkins,IND,84.0,308.0,3.7,1.0,0.0,15.0,72.0,,,,16.0,12.0,105.0,8.8,0.0,,,,,,,182.0,12.0,46.0,9.0,53.0,55.0,2.0,1.0,0.083,0.0119,0.0151,0.0,0.0,0.0,0.0,0.0133,0.0,RB,00-0034400,1994-07-18,5.0,169.0,2018.0,2023.0,26.12,2018.0,4.0,4.591498,0.410054,1.147875,0.089
2018,Josh Adams,PHI,120.0,511.0,4.3,3.0,1.0,16.0,,-18.0,-0.15,35.0,13.0,7.0,58.0,8.3,0.0,,,,,,,252.0,16.0,48.0,5.0,50.0,53.0,5.0,1.0,0.417,0.025,0.0276,0.0,0.0,0.0,0.0,0.0028,0.0,RB,00-0034457,1996-10-29,,,2018.0,2021.0,21.84,2018.0,3.0,2.949108,0.093488,0.983036,0.032
2019,Josh Adams,NYJ,8.0,12.0,1.5,0.0,0.0,3.0,,,,,0.0,0.0,0.0,0.0,0.0,,,,,,,12.0,4.0,67.0,0.0,67.0,67.0,0.0,0.0,0.0,,,0.0,0.0,0.0,,,0.0,RB,00-0034457,1996-10-29,,,2018.0,2021.0,22.84,2019.0,1.0,0.680181,0.0,0.680181,0.0
2020,Josh Adams,NYJ,29.0,157.0,5.4,2.0,0.0,8.0,67.0,,,,8.0,6.0,29.0,4.8,0.0,,,,,,,75.0,9.0,39.0,11.0,47.0,49.0,2.0,1.0,0.167,0.069,0.0663,0.0,0.0,0.0,0.0,0.0015,0.0,RB,00-0034457,1996-10-29,,,2018.0,2021.0,23.84,2020.0,1.0,0.21701,0.0,0.21701,0.0
2019,Josh Jacobs,OAK,242.0,1150.0,4.8,7.0,1.0,13.0,,159.0,0.67,41.8,27.0,20.0,166.0,8.3,0.0,96.0,1.73,46.0,37.0,69.0,59.0,460.0,35.0,53.0,6.0,57.0,58.0,12.0,5.0,0.667,0.0289,0.0304,0.0,0.0,0.0,0.0,0.0121,0.0,RB,00-0035700,1998-02-11,1.0,24.0,2019.0,2026.0,21.55,2019.0,4.0,19.098509,19.098509,4.774628,1.0
2020,Josh Jacobs,LV,273.0,1065.0,3.9,12.0,2.0,15.0,69.0,-8.0,-0.03,39.1,45.0,33.0,238.0,7.2,0.0,148.0,1.61,40.0,46.0,47.0,42.0,619.0,41.0,44.0,7.0,49.0,51.0,20.0,5.0,0.952,0.044,0.0451,0.0,0.0,0.0,0.0,0.0091,0.0,RB,00-0035700,1998-02-11,1.0,24.0,2019.0,2026.0,22.55,2019.0,4.0,19.098509,19.098509,4.774628,1.0
2021,Josh Jacobs,LV,217.0,872.0,4.0,9.0,2.0,15.0,67.0,-13.0,-0.06,41.8,64.0,54.0,348.0,6.4,0.0,214.0,1.83,52.0,45.0,39.0,39.0,625.0,42.0,35.0,10.0,43.0,45.0,9.0,6.0,0.643,0.0415,0.0387,0.0,0.0,0.0,0.0,0.0118,0.0,RB,00-0035700,1998-02-11,1.0,24.0,2019.0,2026.0,23.55,2019.0,4.0,19.098509,19.098509,4.774628,1.0
2022,Josh Jacobs,LV,340.0,1653.0,4.9,12.0,1.0,17.0,72.0,158.0,0.47,39.8,64.0,53.0,400.0,7.5,0.0,298.0,1.34,76.0,83.0,26.0,55.0,821.0,48.0,41.0,8.0,48.0,49.0,11.0,5.0,0.846,0.0353,0.0299,0.0,0.0,0.0,0.0,0.0067,0.0,RB,00-0035700,1998-02-11,1.0,24.0,2019.0,2026.0,24.55,2019.0,4.0,19.098509,19.098509,4.774628,1.0
2023,Josh Jacobs,LV,233.0,805.0,3.5,6.0,1.0,13.0,67.0,-86.0,-0.37,34.6,54.0,37.0,296.0,8.0,0.0,188.0,1.57,70.0,62.0,58.0,70.0,600.0,46.0,39.0,9.0,45.0,48.0,10.0,5.0,0.769,0.0258,0.0277,0.0,1.0,0.0,0.0,0.0145,0.0,RB,00-0035700,1998-02-11,1.0,24.0,2019.0,2026.0,25.55,2023.0,1.0,15.798262,13.520504,15.798262,0.856
2024,Josh Jacobs,GB,301.0,1329.0,4.4,15.0,3.0,17.0,71.0,217.0,0.73,48.8,43.0,36.0,342.0,9.5,1.0,210.0,1.82,39.0,66.0,78.0,78.0,678.0,40.0,44.0,6.0,50.0,51.0,22.0,11.0,0.786,0.0498,0.0455,1.0,1.0,0.0,0.0233,0.0272,0.0,RB,00-0035700,1998-02-11,1.0,24.0,2019.0,2026.0,26.55,2024.0,4.0,56.607674,14.741582,14.151919,0.26
2025,Josh Jacobs,GB,234.0,929.0,4.0,13.0,2.0,15.0,71.0,-7.0,-0.03,40.3,44.0,36.0,282.0,7.8,1.0,177.0,1.61,65.0,81.0,48.0,69.0,554.0,37.0,42.0,8.0,49.0,50.0,20.0,8.0,0.833,0.0556,0.0503,0.0,0.0,0.0,0.0227,0.0247,0.0,RB,00-0035700,1998-02-11,1.0,24.0,2019.0,2026.0,27.55,2024.0,4.0,56.607674,14.741582,14.151919,0.26
2020,Joshua Kelley,LAC,111.0,354.0,3.2,2.0,2.0,14.0,67.0,-80.0,-0.76,26.7,23.0,23.0,148.0,6.4,0.0,95.0,1.56,46.0,67.0,50.0,57.0,297.0,21.0,37.0,8.0,45.0,45.0,7.0,2.0,0.538,0.018,0.0288,0.0,0.0,0.0,0.0,0.0113,0.0,RB,00-0036370,1997-11-20,4.0,112.0,2020.0,2024.0,22.78,2020.0,4.0,6.193207,1.185871,1.548302,0.191
2021,Joshua Kelley,LAC,33.0,102.0,3.1,0.0,1.0,8.0,70.0,,,,6.0,5.0,38.0,7.6,0.0,,,,,,,134.0,17.0,25.0,4.0,28.0,29.0,2.0,0.0,0.091,0.0,0.018,0.0,0.0,0.0,0.0,0.0074,0.0,RB,00-0036370,1997-11-20,4.0,112.0,2020.0,2024.0,23.78,2020.0,4.0,6.193207,1.185871,1.548302,0.191
2022,Joshua Kelley,LAC,69.0,287.0,4.2,2.0,0.0,12.0,70.0,,,,25.0,14.0,101.0,7.2,0.0,130.0,0.84,40.0,37.0,32.0,25.0,268.0,22.0,26.0,9.0,31.0,35.0,4.0,2.0,0.235,0.029,0.0339,0.0,0.0,0.0,0.0,0.0037,0.0,RB,00-0036370,1997-11-20,4.0,112.0,2020.0,2024.0,24.78,2020.0,4.0,6.193207,1.185871,1.548302,0.191
2023,Joshua Kelley,LAC,107.0,405.0,3.8,2.0,1.0,17.0,72.0,-25.0,-0.24,30.5,12.0,8.0,32.0,4.0,0.0,,,,,,,392.0,23.0,27.0,3.0,29.0,30.0,3.0,1.0,0.167,0.0187,0.0198,0.0,0.0,0.0,0.0,0.0037,0.0,RB,00-0036370,1997-11-20,4.0,112.0,2020.0,2024.0,25.78,2020.0,4.0,6.193207,1.185871,1.548302,0.191
2019,Justice Hill,BAL,58.0,225.0,3.9,2.0,0.0,16.0,,,,,15.0,8.0,70.0,8.8,0.0,,,,,,,187.0,12.0,31.0,8.0,35.0,39.0,1.0,0.0,0.04,0.0345,0.0271,0.0,0.0,0.0,0.0,0.0191,0.0,RB,00-0034975,1997-11-14,4.0,113.0,2019.0,2026.0,21.8,2019.0,4.0,5.220036,1.186965,1.305009,0.227
2020,Justice Hill,BAL,12.0,60.0,5.0,0.0,0.0,12.0,73.0,,,,5.0,5.0,20.0,4.0,0.0,,,,,,,73.0,6.0,16.0,7.0,23.0,23.0,2.0,0.0,0.091,,,0.0,0.0,0.0,,,0.0,RB,00-0034975,1997-11-14,4.0,113.0,2019.0,2026.0,22.8,2019.0,4.0,5.220036,1.186965,1.305009,0.227
2021,Justice Hill,BAL,,,,,,,,,,,,,,,,,,,,,,,,,,,,,,,,,,,,,,1.0,RB,00-0034975,1997-11-14,4.0,113.0,2019.0,2026.0,23.8,2019.0,4.0,5.220036,1.186965,1.305009,0.227
2022,Justice Hill,BAL,49.0,262.0,5.3,0.0,1.0,15.0,77.0,,,,12.0,12.0,58.0,4.8,0.0,,,,,,,264.0,18.0,19.0,5.0,23.0,23.0,0.0,0.0,0.0,0.0,0.0046,0.0,0.0,0.0,0.0,0.0026,0.0,RB,00-0034975,1997-11-14,4.0,113.0,2019.0,2026.0,24.8,2019.0,4.0,5.220036,1.186965,1.305009,0.227
2023,Justice Hill,BAL,84.0,387.0,4.6,3.0,1.0,16.0,74.0,,,,39.0,28.0,206.0,7.4,1.0,232.0,1.08,50.0,57.0,55.0,57.0,436.0,27.0,19.0,9.0,26.0,28.0,4.0,2.0,0.143,0.0357,0.0365,0.0,0.0,0.0,0.0256,0.0175,0.0,RB,00-0034975,1997-11-14,4.0,113.0,2019.0,2026.0,25.8,2023.0,2.0,6.042758,1.674822,3.021379,0.277
2024,Justice Hill,BAL,47.0,228.0,4.9,1.0,0.0,15.0,74.0,,,,51.0,42.0,383.0,9.1,3.0,215.0,1.87,78.0,71.0,34.0,57.0,414.0,28.0,11.0,12.0,21.0,24.0,1.0,0.0,0.053,0.0213,0.0205,0.0,0.0,0.0,0.0577,0.0416,0.0,RB,00-0034975,1997-11-14,4.0,113.0,2019.0,2026.0,26.8,2024.0,2.0,7.075959,5.237597,3.53798,0.74
2025,Justice Hill,BAL,18.0,93.0,5.2,2.0,0.0,10.0,71.0,,,,27.0,21.0,169.0,8.0,1.0,101.0,1.67,58.0,53.0,55.0,58.0,219.0,22.0,8.0,12.0,18.0,21.0,1.0,1.0,0.036,,,0.0,0.0,0.0,,,0.0,RB,00-0034975,1997-11-14,4.0,113.0,2019.0,2026.0,27.8,2024.0,2.0,7.075959,5.237597,3.53798,0.74
2018,Justin Jackson,LAC,50.0,206.0,4.1,2.0,0.0,13.0,,,,,19.0,15.0,135.0,9.0,0.0,,,,,,,149.0,11.0,34.0,13.0,44.0,46.0,2.0,1.0,0.182,0.04,0.0319,0.0,0.0,0.0,0.0,0.0129,0.0,RB,00-0034440,1996-04-22,7.0,251.0,2018.0,2022.0,22.36,2018.0,4.0,4.298852,0.117407,1.074713,0.027
2019,Justin Jackson,LAC,29.0,200.0,6.9,0.0,0.0,7.0,,,,,11.0,9.0,22.0,2.4,0.0,,,,,,,93.0,13.0,31.0,12.0,41.0,43.0,0.0,0.0,0.0,0.0,0.0072,0.0,0.0,0.0,0.0,0.0276,0.0,RB,00-0034440,1996-04-22,7.0,251.0,2018.0,2022.0,23.36,2018.0,4.0,4.298852,0.117407,1.074713,0.027
2020,Justin Jackson,LAC,59.0,270.0,4.6,0.0,0.0,9.0,67.0,,,,24.0,19.0,173.0,9.1,0.0,,,,,,,190.0,21.0,31.0,13.0,41.0,44.0,0.0,0.0,0.0,0.0,0.0041,0.0,0.0,0.0,0.0,0.0023,0.0,RB,00-0034440,1996-04-22,7.0,251.0,2018.0,2022.0,24.36,2018.0,4.0,4.298852,0.117407,1.074713,0.027
2021,Justin Jackson,LAC,68.0,364.0,5.4,2.0,1.0,14.0,70.0,,,,25.0,22.0,178.0,8.1,0.0,95.0,1.87,73.0,50.0,54.0,62.0,231.0,17.0,29.0,11.0,39.0,40.0,2.0,0.0,0.091,0.0294,0.0316,0.0,0.0,0.0,0.0,0.0149,0.0,RB,00-0034440,1996-04-22,7.0,251.0,2018.0,2022.0,25.36,2018.0,4.0,4.298852,0.117407,1.074713,0.027
2022,Justin Jackson,DET,42.0,170.0,4.0,1.0,0.0,15.0,72.0,,,,19.0,12.0,101.0,8.4,1.0,,,,,,,187.0,16.0,22.0,10.0,29.0,33.0,1.0,0.0,0.029,0.0238,0.0222,1.0,1.0,1.0,0.0526,0.0489,0.0,RB,00-0034440,1996-04-22,7.0,251.0,2018.0,2022.0,26.36,2022.0,1.0,0.401021,0.0,0.401021,0.0
2025,Kaleb Johnson,PIT,28.0,69.0,2.5,0.0,0.0,10.0,72.0,,,,2.0,1.0,9.0,9.0,0.0,,,,,,,51.0,5.0,55.0,4.0,57.0,59.0,0.0,0.0,0.0,0.0,0.0047,0.0,0.0,0.0,0.0,0.0072,0.0,RB,00-0040142,2003-08-14,3.0,83.0,2025.0,2026.0,22.05,2025.0,4.0,6.874159,1.374633,1.71854,0.2
2018,Kalen Ballage,MIA,36.0,191.0,5.3,1.0,1.0,12.0,,,,,11.0,9.0,56.0,6.2,0.0,,,,,,,92.0,8.0,39.0,12.0,49.0,51.0,0.0,0.0,0.0,0.0278,0.0166,0.0,0.0,0.0,0.0,0.0126,0.0,RB,00-0034799,1995-12-22,4.0,131.0,2018.0,2021.0,22.69,2018.0,4.0,5.182918,1.001473,1.295729,0.193
2019,Kalen Ballage,MIA,74.0,135.0,1.8,3.0,0.0,12.0,,,,,24.0,14.0,63.0,4.5,0.0,,,,,,,252.0,21.0,29.0,10.0,35.0,39.0,7.0,3.0,0.389,0.0405,0.0468,0.0,0.0,0.0,0.0,0.0147,1.0,RB,00-0034799,1995-12-22,4.0,131.0,2018.0,2021.0,23.69,2018.0,4.0,5.182918,1.001473,1.295729,0.193
2020,Kalen Ballage,LAC,91.0,303.0,3.3,3.0,0.0,11.0,67.0,-51.0,-0.57,40.4,37.0,29.0,166.0,5.7,0.0,106.0,1.57,53.0,48.0,39.0,41.0,300.0,27.0,30.0,12.0,40.0,43.0,5.0,2.0,0.385,0.033,0.0423,0.0,0.0,0.0,0.0,0.0078,0.0,RB,00-0034799,1995-12-22,4.0,131.0,2018.0,2021.0,24.7,2020.0,2.0,2.537861,0.0,1.26893,0.0
2018,Kareem Hunt,KC,181.0,824.0,4.6,7.0,0.0,11.0,,94.0,0.53,38.4,35.0,26.0,378.0,14.5,7.0,190.0,1.99,32.0,50.0,99.0,87.0,503.0,46.0,36.0,7.0,41.0,43.0,11.0,6.0,0.55,0.0387,0.038,1.0,2.0,1.0,0.2,0.1337,0.0,RB,00-0033923,1995-08-06,3.0,86.0,2017.0,2025.0,23.07,2017.0,4.0,5.926105,1.399501,1.481527,0.236
2019,Kareem Hunt,CLE,43.0,179.0,4.2,2.0,0.0,9.0,,,,,44.0,37.0,285.0,7.7,1.0,141.0,2.02,50.0,59.0,49.0,54.0,309.0,39.0,14.0,14.0,26.0,28.0,1.0,1.0,0.053,0.0465,0.0329,0.0,0.0,0.0,0.0227,0.0179,0.0,RB,00-0033923,1995-08-06,3.0,86.0,2017.0,2025.0,24.07,2019.0,1.0,1.760468,0.0,1.760468,0.0
2020,Kareem Hunt,CLE,198.0,841.0,4.2,6.0,0.0,16.0,71.0,36.0,0.18,41.4,51.0,38.0,304.0,8.0,5.0,216.0,1.48,43.0,43.0,60.0,53.0,549.0,34.0,36.0,9.0,43.0,45.0,13.0,5.0,0.542,0.0303,0.0348,1.0,1.0,1.0,0.098,0.07,0.0,RB,00-0033923,1995-08-06,3.0,86.0,2017.0,2025.0,25.07,2020.0,2.0,18.236125,8.371901,9.118063,0.459
2021,Kareem Hunt,CLE,78.0,386.0,4.9,5.0,0.0,8.0,72.0,,,,27.0,22.0,174.0,7.9,0.0,,,,,,,234.0,29.0,33.0,12.0,43.0,45.0,4.0,3.0,0.222,0.0641,0.0494,0.0,0.0,0.0,0.0,0.0117,0.0,RB,00-0033923,1995-08-06,3.0,86.0,2017.0,2025.0,26.07,2020.0,2.0,18.236125,8.371901,9.118063,0.459
2022,Kareem Hunt,CLE,123.0,468.0,3.8,3.0,0.0,17.0,72.0,-10.0,-0.08,41.0,44.0,35.0,210.0,6.0,1.0,212.0,0.99,56.0,80.0,50.0,66.0,492.0,29.0,25.0,9.0,32.0,34.0,5.0,2.0,0.294,0.0244,0.0286,1.0,1.0,1.0,0.0227,0.0288,0.0,RB,00-0033923,1995-08-06,3.0,86.0,2017.0,2025.0,27.07,,,,,,
2023,Kareem Hunt,CLE,135.0,411.0,3.0,9.0,0.0,15.0,70.0,-101.0,-0.75,35.1,21.0,15.0,84.0,5.6,0.0,,,,,,,339.0,23.0,40.0,6.0,44.0,46.0,12.0,7.0,0.667,0.0667,0.0574,0.0,0.0,0.0,0.0,0.0049,0.0,RB,00-0033923,1995-08-06,3.0,86.0,2017.0,2025.0,28.07,2023.0,1.0,1.808808,0.669929,1.808808,0.37
2024,Kareem Hunt,KC,200.0,728.0,3.6,7.0,0.0,13.0,73.0,-112.0,-0.57,34.2,32.0,23.0,176.0,7.7,0.0,181.0,1.04,45.0,58.0,41.0,45.0,477.0,37.0,42.0,7.0,47.0,49.0,17.0,6.0,0.68,0.035,0.0399,1.0,2.0,0.0,0.0,0.0427,0.0,RB,00-0033923,1995-08-06,3.0,86.0,2017.0,2025.0,29.07,2024.0,1.0,1.426985,0.0,1.426985,0.0
2025,Kareem Hunt,KC,163.0,611.0,3.7,8.0,1.0,17.0,70.0,18.0,0.11,44.7,25.0,18.0,143.0,7.9,1.0,,,,,,,529.0,31.0,31.0,5.0,34.0,36.0,15.0,8.0,0.938,0.0491,0.0481,1.0,1.0,1.0,0.04,0.0414,0.0,RB,00-0033923,1995-08-06,3.0,86.0,2017.0,2025.0,30.07,2025.0,1.0,1.618195,0.916977,1.618195,0.567
2020,Ke'Shawn Vaughn,TB,26.0,109.0,4.2,0.0,1.0,10.0,70.0,,,,10.0,5.0,34.0,6.8,1.0,,,,,,,99.0,10.0,26.0,10.0,31.0,36.0,0.0,0.0,0.0,0.0,0.0071,0.0,0.0,0.0,0.1,0.076,0.0,RB,00-0036450,1997-05-04,3.0,76.0,2020.0,2024.0,23.33,2020.0,4.0,7.155308,1.548411,1.788827,0.216
2021,Ke'Shawn Vaughn,TB,36.0,180.0,5.0,2.0,0.0,6.0,70.0,,,,8.0,4.0,26.0,6.5,0.0,,,,,,,111.0,19.0,32.0,7.0,36.0,40.0,0.0,0.0,0.0,0.0556,0.0408,0.0,0.0,0.0,0.0,0.0218,0.0,RB,00-0036450,1997-05-04,3.0,76.0,2020.0,2024.0,24.33,2020.0,4.0,7.155308,1.548411,1.788827,0.216
2022,Keaontay Ingram,ARI,27.0,60.0,2.2,1.0,0.0,11.0,73.0,,,,5.0,4.0,21.0,5.3,0.0,,,,,,,103.0,10.0,26.0,5.0,30.0,31.0,2.0,1.0,0.143,0.037,0.0406,0.0,0.0,0.0,0.0,0.0065,0.0,RB,00-0037299,1999-10-26,6.0,201.0,2022.0,2025.0,22.85,2022.0,4.0,5.541658,0.246787,1.385414,0.045
2023,Keaontay Ingram,ARI,35.0,74.0,2.1,0.0,0.0,7.0,72.0,,,,4.0,4.0,26.0,6.5,0.0,,,,,,,119.0,17.0,29.0,3.0,33.0,33.0,0.0,0.0,0.0,0.0,0.0038,0.0,0.0,0.0,0.0,0.0027,0.0,RB,00-0037299,1999-10-26,6.0,201.0,2022.0,2025.0,23.85,2023.0,1.0,0.289409,0.0,0.289409,0.0
2023,Keaton Mitchell,BAL,47.0,396.0,8.4,2.0,0.0,7.0,74.0,,,,11.0,9.0,93.0,10.3,0.0,,,,,,,135.0,19.0,35.0,8.0,41.0,43.0,0.0,0.0,0.0,0.0426,0.0255,0.0,0.0,0.0,0.0,0.0103,1.0,RB,00-0038454,2002-01-17,,,2023.0,2026.0,21.62,2023.0,3.0,3.635034,0.09781,1.211677,0.027
2024,Keaton Mitchell,BAL,15.0,30.0,2.0,0.0,0.0,4.0,74.0,,,,1.0,1.0,28.0,28.0,0.0,,,,,,,36.0,9.0,42.0,3.0,44.0,44.0,0.0,0.0,0.0,,,0.0,0.0,0.0,,,1.0,RB,00-0038454,2002-01-17,,,2023.0,2026.0,22.62,2023.0,3.0,3.635034,0.09781,1.211677,0.027
2025,Keaton Mitchell,BAL,59.0,341.0,5.8,1.0,0.0,13.0,71.0,,,,12.0,9.0,63.0,7.0,0.0,,,,,,,132.0,10.0,45.0,9.0,52.0,54.0,0.0,0.0,0.0,0.0169,0.0156,0.0,0.0,0.0,0.0,0.0056,0.0,RB,00-0038454,2002-01-17,,,2023.0,2026.0,23.62,2023.0,3.0,3.635034,0.09781,1.211677,0.027
2023,Kendre Miller,NO,41.0,156.0,3.8,1.0,0.0,8.0,72.0,,,,11.0,10.0,117.0,11.7,0.0,,,,,,,112.0,14.0,37.0,10.0,46.0,46.0,0.0,0.0,0.0,0.0244,0.0202,0.0,0.0,0.0,0.0,0.0023,0.0,RB,00-0038551,2002-06-11,3.0,71.0,2023.0,2026.0,21.22,2023.0,4.0,7.575973,1.490227,1.893993,0.197
2024,Kendre Miller,NO,39.0,148.0,3.8,1.0,0.0,7.0,71.0,,,,8.0,5.0,33.0,6.6,0.0,,,,,,,104.0,17.0,38.0,8.0,42.0,45.0,0.0,0.0,0.0,0.0256,0.0171,0.0,0.0,0.0,0.0,0.0039,0.0,RB,00-0038551,2002-06-11,3.0,71.0,2023.0,2026.0,22.23,2023.0,4.0,7.575973,1.490227,1.893993,0.197
2025,Kendre Miller,NO,47.0,193.0,4.1,1.0,0.0,7.0,70.0,,,,5.0,5.0,30.0,6.0,0.0,,,,,,,113.0,16.0,42.0,4.0,46.0,46.0,0.0,0.0,0.0,0.0213,0.0165,0.0,0.0,0.0,0.0,0.0015,1.0,RB,00-0038551,2002-06-11,3.0,71.0,2023.0,2026.0,23.23,2023.0,4.0,7.575973,1.490227,1.893993,0.197
2022,Kenneth Walker III,SEA,228.0,1050.0,4.6,9.0,0.0,15.0,71.0,96.0,0.43,34.7,35.0,27.0,165.0,6.1,0.0,237.0,0.71,37.0,52.0,52.0,48.0,575.0,38.0,40.0,6.0,44.0,46.0,6.0,2.0,1.0,0.0395,0.0354,0.0,0.0,0.0,0.0,0.0034,0.0,RB,00-0038134,2000-10-20,2.0,41.0,2022.0,2026.0,21.86,2022.0,4.0,12.212315,8.888496,3.053079,0.728
2023,Kenneth Walker III,SEA,219.0,905.0,4.1,8.0,0.0,15.0,68.0,,,,37.0,29.0,259.0,8.9,1.0,156.0,1.66,39.0,40.0,83.0,69.0,502.0,33.0,44.0,7.0,49.0,51.0,15.0,5.0,0.714,0.0365,0.0368,0.0,0.0,0.0,0.027,0.02,0.0,RB,00-0038134,2000-10-20,2.0,41.0,2022.0,2026.0,22.86,2022.0,4.0,12.212315,8.888496,3.053079,0.728
2024,Kenneth Walker III,SEA,153.0,573.0,3.7,7.0,0.0,11.0,69.0,-16.0,-0.1,40.4,53.0,46.0,299.0,6.5,1.0,180.0,1.66,58.0,57.0,45.0,52.0,469.0,43.0,33.0,11.0,42.0,44.0,12.0,4.0,0.5,0.0458,0.0421,0.0,0.0,0.0,0.0189,0.021,1.0,RB,00-0038134,2000-10-20,2.0,41.0,2022.0,2026.0,23.87,2022.0,4.0,12.212315,8.888496,3.053079,0.728
2025,Kenneth Walker III,SEA,221.0,1027.0,4.6,5.0,0.0,17.0,73.0,39.0,0.18,37.4,36.0,31.0,282.0,9.1,0.0,197.0,1.96,58.0,72.0,78.0,88.0,498.0,29.0,44.0,7.0,51.0,52.0,8.0,3.0,0.308,0.0226,0.0232,0.0,0.0,0.0,0.0,0.0105,0.0,RB,00-0038134,2000-10-20,2.0,41.0,2022.0,2026.0,24.87,2022.0,4.0,12.212315,8.888496,3.053079,0.728
2021,Kenny Gainwell,PHI,68.0,291.0,4.3,5.0,1.0,16.0,74.0,,,,50.0,33.0,253.0,7.7,1.0,148.0,2.04,65.0,28.0,50.0,45.0,298.0,19.0,23.0,17.0,34.0,40.0,3.0,1.0,0.103,0.0735,0.0535,0.0,0.0,0.0,0.02,0.0257,0.0,RB,00-0036919,1999-03-14,5.0,150.0,2021.0,2026.0,22.47,2021.0,4.0,6.297183,0.553752,1.574296,0.088
2022,Kenny Gainwell,PHI,53.0,240.0,4.5,4.0,0.0,17.0,75.0,,,,29.0,23.0,169.0,7.3,0.0,200.0,1.12,80.0,63.0,43.0,61.0,331.0,19.0,16.0,9.0,23.0,25.0,7.0,3.0,0.318,0.0755,0.073,0.0,1.0,0.0,0.0,0.0204,0.0,RB,00-0036919,1999-03-14,5.0,150.0,2021.0,2026.0,23.47,2021.0,4.0,6.297183,0.553752,1.574296,0.088
2023,Kenny Gainwell,PHI,84.0,364.0,4.3,2.0,1.0,16.0,73.0,,,,37.0,30.0,183.0,6.1,0.0,213.0,0.91,67.0,78.0,23.0,47.0,442.0,28.0,19.0,8.0,26.0,28.0,3.0,1.0,0.167,0.0238,0.0294,0.0,0.0,0.0,0.0,0.0044,0.0,RB,00-0036919,1999-03-14,5.0,150.0,2021.0,2026.0,24.47,2021.0,4.0,6.297183,0.553752,1.574296,0.088
2024,Kenny Gainwell,PHI,75.0,290.0,3.9,1.0,0.0,17.0,72.0,,,,22.0,16.0,116.0,7.3,0.0,119.0,1.19,64.0,49.0,53.0,57.0,301.0,18.0,25.0,7.0,30.0,32.0,3.0,0.0,0.15,0.0133,0.024,0.0,0.0,0.0,0.0,0.0113,0.0,RB,00-0036919,1999-03-14,5.0,150.0,2021.0,2026.0,25.47,2021.0,4.0,6.297183,0.553752,1.574296,0.088
2025,Kenny Gainwell,PIT,114.0,537.0,4.7,5.0,1.0,17.0,72.0,63.0,0.58,42.6,85.0,73.0,486.0,6.7,3.0,280.0,1.83,68.0,99.0,40.0,80.0,517.0,30.0,22.0,16.0,36.0,38.0,7.0,3.0,0.333,0.0439,0.0437,1.0,1.0,1.0,0.0353,0.0391,0.0,RB,00-0036919,1999-03-14,5.0,150.0,2021.0,2026.0,26.47,2025.0,1.0,1.931046,0.668854,1.931046,0.346
2018,Kenyan Drake,MIA,120.0,535.0,4.5,4.0,1.0,16.0,,13.0,0.11,37.6,73.0,53.0,477.0,9.0,5.0,210.0,2.27,48.0,55.0,52.0,53.0,545.0,34.0,22.0,13.0,32.0,35.0,1.0,0.0,0.5,0.0333,0.0232,1.0,2.0,1.0,0.0685,0.0485,0.0,RB,00-0033118,1994-01-26,3.0,73.0,2016.0,2023.0,24.6,2016.0,4.0,6.559126,1.593119,1.639782,0.243
2019,Kenyan Drake,ARI,170.0,817.0,4.8,8.0,1.0,14.0,,39.0,0.23,31.4,68.0,50.0,345.0,6.9,0.0,184.0,1.88,41.0,29.0,45.0,32.0,614.0,44.0,28.0,11.0,36.0,39.0,6.0,5.0,0.333,0.0471,0.038,0.0,0.0,0.0,0.0,0.0092,0.0,RB,00-0033118,1994-01-26,3.0,73.0,2016.0,2023.0,25.6,2016.0,4.0,6.559126,1.593119,1.639782,0.243
2020,Kenyan Drake,ARI,239.0,955.0,4.0,10.0,1.0,15.0,72.0,-64.0,-0.27,31.4,31.0,25.0,137.0,5.5,0.0,161.0,0.85,35.0,40.0,30.0,23.0,615.0,41.0,39.0,5.0,43.0,44.0,22.0,9.0,0.957,0.0418,0.0467,0.0,0.0,0.0,0.0,0.0063,0.0,RB,00-0033118,1994-01-26,3.0,73.0,2016.0,2023.0,26.6,2020.0,1.0,12.891421,12.891421,12.891421,1.0
2021,Kenyan Drake,LV,63.0,254.0,4.0,2.0,0.0,12.0,67.0,,,,40.0,30.0,291.0,9.7,1.0,123.0,2.37,53.0,51.0,64.0,63.0,280.0,23.0,23.0,14.0,33.0,37.0,1.0,1.0,0.071,0.0317,0.0254,0.0,0.0,0.0,0.025,0.0214,1.0,RB,00-0033118,1994-01-26,3.0,73.0,2016.0,2023.0,27.6,2021.0,2.0,18.154521,14.028493,9.07726,0.773
2022,Kenyan Drake,BAL,109.0,482.0,4.4,4.0,0.0,12.0,77.0,12.0,0.11,29.6,26.0,17.0,89.0,5.2,1.0,,,,,,,366.0,31.0,30.0,7.0,34.0,37.0,3.0,2.0,0.273,0.0367,0.0317,1.0,1.0,1.0,0.0385,0.041,0.0,RB,00-0033118,1994-01-26,3.0,73.0,2016.0,2023.0,28.6,2022.0,1.0,1.49732,0.0,1.49732,0.0
2018,Kerryon Johnson,DET,118.0,641.0,5.4,3.0,1.0,10.0,,152.0,1.29,44.9,39.0,32.0,213.0,6.7,1.0,122.0,1.75,63.0,57.0,50.0,58.0,346.0,35.0,34.0,11.0,43.0,45.0,2.0,1.0,0.118,0.0254,0.0222,0.0,0.0,0.0,0.0256,0.0278,1.0,RB,00-0034349,1997-06-30,2.0,43.0,2018.0,2021.0,21.17,,,,,,
2019,Kerryon Johnson,DET,113.0,403.0,3.6,3.0,1.0,8.0,,-56.0,-0.51,36.4,15.0,10.0,127.0,12.7,1.0,,,,,,,274.0,34.0,41.0,5.0,45.0,47.0,9.0,2.0,0.6,0.0265,0.0369,0.0,0.0,0.0,0.0667,0.0408,1.0,RB,00-0034349,1997-06-30,2.0,43.0,2018.0,2021.0,22.17,,,,,,
2020,Kerryon Johnson,DET,52.0,181.0,3.5,2.0,1.0,16.0,70.0,,,,26.0,19.0,187.0,9.8,1.0,,,,,,,292.0,18.0,18.0,9.0,24.0,27.0,3.0,2.0,0.1,0.0385,0.0376,0.0,0.0,0.0,0.0385,0.0302,0.0,RB,00-0034349,1997-06-30,2.0,43.0,2018.0,2021.0,23.17,,,,,,
2021,Khalil Herbert,CHI,103.0,433.0,4.2,2.0,0.0,16.0,71.0,-14.0,-0.14,38.2,16.0,14.0,96.0,6.9,0.0,,,,,,,313.0,20.0,33.0,5.0,37.0,38.0,3.0,1.0,0.15,0.0194,0.0201,0.0,0.0,0.0,0.0,0.0106,0.0,RB,00-0036906,1998-04-21,6.0,217.0,2021.0,2026.0,23.36,2021.0,4.0,5.959145,0.215715,1.489786,0.036
2022,Khalil Herbert,CHI,129.0,731.0,5.7,4.0,0.0,13.0,74.0,165.0,1.29,46.9,12.0,9.0,57.0,6.3,1.0,,,,,,,301.0,23.0,43.0,4.0,46.0,47.0,8.0,2.0,0.571,0.031,0.0322,0.0,0.0,0.0,0.0833,0.0489,0.0,RB,00-0036906,1998-04-21,6.0,217.0,2021.0,2026.0,24.36,2021.0,4.0,5.959145,0.215715,1.489786,0.036
2023,Khalil Herbert,CHI,132.0,611.0,4.6,2.0,1.0,12.0,75.0,38.0,0.29,41.9,31.0,20.0,134.0,6.7,1.0,119.0,1.13,52.0,47.0,42.0,43.0,357.0,30.0,37.0,9.0,43.0,46.0,1.0,1.0,0.067,0.0152,0.0141,1.0,1.0,1.0,0.0323,0.0337,0.0,RB,00-0036906,1998-04-21,6.0,217.0,2021.0,2026.0,25.36,2021.0,4.0,5.959145,0.215715,1.489786,0.036
2024,Khalil Herbert,CIN,36.0,130.0,3.6,1.0,0.0,12.0,68.0,,,,11.0,10.0,25.0,2.5,0.0,,,,,,,137.0,11.0,26.0,8.0,34.0,34.0,4.0,1.0,0.182,0.0278,0.0408,0.0,0.0,0.0,0.0,0.0233,0.0,RB,00-0036906,1998-04-21,6.0,217.0,2021.0,2026.0,26.37,2021.0,4.0,5.959145,0.215715,1.489786,0.036
2024,Kimani Vidal,LAC,43.0,155.0,3.6,0.0,0.0,10.0,72.0,,,,9.0,5.0,62.0,12.4,1.0,,,,,,,169.0,17.0,25.0,5.0,28.0,31.0,0.0,0.0,0.0,0.0,0.0051,0.0,0.0,0.0,0.1111,0.0625,0.0,RB,00-0039391,2001-08-28,6.0,181.0,2024.0,2026.0,23.01,2024.0,4.0,4.985527,0.244635,1.246382,0.049
2025,Kimani Vidal,LAC,155.0,643.0,4.1,3.0,0.0,13.0,69.0,75.0,0.5,36.0,22.0,16.0,136.0,8.5,1.0,197.0,0.79,45.0,60.0,55.0,57.0,481.0,37.0,32.0,5.0,36.0,37.0,7.0,2.0,0.412,0.0194,0.0237,0.0,0.0,0.0,0.0455,0.0513,0.0,RB,00-0039391,2001-08-28,6.0,181.0,2024.0,2026.0,24.01,2025.0,1.0,0.339461,0.0,0.339461,0.0
2025,Kyle Monangai,CHI,169.0,783.0,4.6,5.0,0.0,17.0,74.0,47.0,0.29,40.9,30.0,18.0,164.0,9.1,0.0,214.0,1.04,54.0,41.0,56.0,52.0,478.0,28.0,35.0,6.0,39.0,42.0,10.0,4.0,0.435,0.0294,0.0328,0.0,0.0,0.0,0.0,0.0134,0.0,RB,00-0040236,2002-06-06,7.0,233.0,2025.0,2026.0,23.24,2025.0,4.0,4.669183,0.138237,1.167296,0.03
2022,Kyren Williams,LAR,35.0,139.0,4.0,0.0,0.0,8.0,72.0,,,,12.0,9.0,76.0,8.4,0.0,,,,,,,141.0,18.0,25.0,9.0,31.0,33.0,0.0,0.0,0.0,0.0,0.0023,0.0,0.0,0.0,0.0,0.0109,0.0,RB,00-0037840,2000-08-26,5.0,164.0,2022.0,2026.0,22.02,2022.0,4.0,5.743933,0.449063,1.435983,0.078
2023,Kyren Williams,LAR,228.0,1144.0,5.0,12.0,2.0,12.0,72.0,147.0,0.65,42.7,48.0,32.0,206.0,6.4,3.0,265.0,0.81,20.0,46.0,54.0,40.0,678.0,57.0,34.0,7.0,38.0,41.0,17.0,9.0,0.63,0.0526,0.0488,3.0,3.0,1.0,0.0625,0.0606,0.0,RB,00-0037840,2000-08-26,5.0,164.0,2022.0,2026.0,23.01,2022.0,4.0,5.743933,0.449063,1.435983,0.078
2024,Kyren Williams,LAR,316.0,1299.0,4.1,14.0,3.0,16.0,72.0,0.0,0.0,39.0,40.0,34.0,182.0,5.4,2.0,316.0,0.62,40.0,64.0,21.0,29.0,888.0,56.0,36.0,5.0,39.0,40.0,20.0,12.0,0.8,0.0443,0.041,2.0,2.0,1.0,0.05,0.0498,0.0,RB,00-0037840,2000-08-26,5.0,164.0,2022.0,2026.0,24.02,2022.0,4.0,5.743933,0.449063,1.435983,0.078
2025,Kyren Williams,LAR,259.0,1252.0,4.8,10.0,2.0,17.0,74.0,145.0,0.57,45.5,50.0,36.0,281.0,7.8,3.0,335.0,1.05,60.0,99.0,20.0,52.0,772.0,45.0,34.0,6.0,38.0,40.0,17.0,8.0,0.586,0.0386,0.0387,0.0,0.0,0.0,0.06,0.0481,0.0,RB,00-0037840,2000-08-26,5.0,164.0,2022.0,2026.0,25.02,2025.0,3.0,35.600287,16.338374,11.866762,0.459
2018,Latavius Murray,MIN,140.0,578.0,4.1,6.0,0.0,16.0,,37.0,0.27,39.1,26.0,22.0,141.0,6.4,0.0,,,,,,,461.0,29.0,30.0,6.0,35.0,36.0,4.0,2.0,0.5,0.0429,0.0333,0.0,0.0,0.0,0.0,0.0081,0.0,RB,00-0030513,1990-01-18,6.0,181.0,2013.0,2023.0,28.62,2018.0,1.0,6.799097,6.204176,6.799097,0.912
2019,Latavius Murray,NO,146.0,637.0,4.4,5.0,0.0,16.0,,0.0,0.0,37.7,43.0,34.0,235.0,6.9,1.0,150.0,1.59,49.0,48.0,67.0,63.0,433.0,27.0,34.0,10.0,42.0,44.0,4.0,2.0,0.333,0.0342,0.03,0.0,0.0,0.0,0.0233,0.0263,0.0,RB,00-0030513,1990-01-18,6.0,181.0,2013.0,2023.0,29.62,2019.0,4.0,23.046121,11.523061,5.76153,0.5
2020,Latavius Murray,NO,146.0,656.0,4.5,4.0,0.0,15.0,72.0,14.0,0.1,37.5,26.0,23.0,176.0,7.7,1.0,103.0,1.82,70.0,64.0,63.0,75.0,364.0,24.0,40.0,7.0,46.0,47.0,3.0,1.0,0.167,0.0274,0.0249,0.0,0.0,0.0,0.0385,0.0342,0.0,RB,00-0030513,1990-01-18,6.0,181.0,2013.0,2023.0,30.62,2019.0,4.0,23.046121,11.523061,5.76153,0.5
2021,Latavius Murray,BAL,119.0,501.0,4.2,6.0,0.0,14.0,73.0,8.0,0.07,33.6,13.0,10.0,75.0,7.5,0.0,,,,,,,378.0,27.0,31.0,3.0,34.0,35.0,6.0,2.0,0.375,0.0504,0.0419,0.0,1.0,0.0,0.0,0.0308,0.0,RB,00-0030513,1990-01-18,6.0,181.0,2013.0,2023.0,31.62,2021.0,1.0,1.774192,0.0,1.774192,0.0
2022,Latavius Murray,DEN,171.0,760.0,4.4,6.0,0.0,14.0,74.0,-11.0,-0.07,35.1,35.0,27.0,132.0,4.9,0.0,156.0,0.85,42.0,64.0,27.0,34.0,447.0,34.0,38.0,8.0,44.0,46.0,5.0,4.0,0.278,0.0351,0.0289,0.0,0.0,0.0,0.0,0.0028,0.0,RB,00-0030513,1990-01-18,6.0,181.0,2013.0,2023.0,32.62,2022.0,1.0,0.483514,0.0,0.483514,0.0
2023,Latavius Murray,BUF,79.0,300.0,3.8,4.0,0.0,15.0,71.0,,,,22.0,17.0,119.0,7.0,0.0,179.0,0.89,62.0,63.0,31.0,45.0,344.0,23.0,23.0,6.0,28.0,29.0,12.0,4.0,0.6,0.0506,0.0619,2.0,2.0,0.0,0.0,0.0274,0.0,RB,00-0030513,1990-01-18,6.0,181.0,2013.0,2023.0,33.62,2023.0,1.0,1.765262,1.075236,1.765262,0.609
2019,Le'Veon Bell,NYJ,245.0,789.0,3.2,3.0,1.0,15.0,,-126.0,-0.52,39.1,78.0,66.0,461.0,7.0,1.0,277.0,1.66,35.0,81.0,53.0,62.0,782.0,52.0,31.0,10.0,40.0,41.0,6.0,3.0,1.0,0.0122,0.0148,1.0,1.0,0.0,0.0128,0.0207,0.0,RB,00-0030496,1992-02-18,2.0,48.0,2013.0,2021.0,27.53,2019.0,4.0,84.022317,43.211477,21.005579,0.514
2020,Le'Veon Bell,KC,82.0,328.0,4.0,2.0,0.0,11.0,67.0,,,,20.0,16.0,138.0,8.6,0.0,,,,,,,270.0,25.0,30.0,7.0,36.0,38.0,3.0,0.0,0.25,0.0244,0.0256,0.0,0.0,0.0,0.0,0.0205,0.0,RB,00-0030496,1992-02-18,2.0,48.0,2013.0,2021.0,28.54,2020.0,1.0,1.519677,0.0,1.519677,0.0
2021,Le'Veon Bell,TB,39.0,101.0,2.6,2.0,0.0,8.0,70.0,,,,7.0,5.0,30.0,6.0,1.0,,,,,,,170.0,21.0,23.0,4.0,26.0,27.0,2.0,2.0,0.125,0.0513,0.0466,0.0,0.0,0.0,0.1429,0.1115,0.0,RB,00-0030496,1992-02-18,2.0,48.0,2013.0,2021.0,29.54,2021.0,1.0,0.415904,0.0,0.415904,0.0
2018,LeSean McCoy,BUF,161.0,514.0,3.2,3.0,0.0,14.0,,-165.0,-1.05,30.6,46.0,34.0,238.0,7.0,0.0,166.0,1.43,43.0,43.0,46.0,41.0,490.0,35.0,33.0,9.0,40.0,42.0,4.0,1.0,0.571,0.0186,0.0198,0.0,0.0,0.0,0.0,0.0073,0.0,RB,00-0027029,1988-07-12,2.0,53.0,2009.0,2020.0,30.14,2015.0,5.0,84.192211,38.36474,16.838442,0.456
2019,LeSean McCoy,KC,101.0,465.0,4.6,4.0,2.0,13.0,,-22.0,-0.23,28.6,34.0,28.0,181.0,6.5,1.0,117.0,1.55,52.0,60.0,30.0,39.0,295.0,23.0,34.0,12.0,44.0,46.0,7.0,3.0,0.412,0.0396,0.0403,0.0,0.0,0.0,0.0294,0.0317,0.0,RB,00-0027029,1988-07-12,2.0,53.0,2009.0,2020.0,31.14,2019.0,1.0,4.801275,4.801275,4.801275,1.0
2020,LeSean McCoy,TB,10.0,31.0,3.1,0.0,0.0,10.0,70.0,,,,19.0,15.0,101.0,6.7,0.0,,,,,,,116.0,12.0,9.0,16.0,22.0,25.0,0.0,0.0,0.0,,,0.0,0.0,0.0,,,0.0,RB,00-0027029,1988-07-12,2.0,53.0,2009.0,2020.0,32.14,2020.0,1.0,1.595661,0.0,1.595661,0.0
2018,Leonard Fournette,JAC,133.0,439.0,3.3,5.0,0.0,8.0,,-25.0,-0.19,38.6,26.0,22.0,185.0,8.4,1.0,,,,,,,280.0,35.0,48.0,9.0,55.0,57.0,11.0,5.0,0.786,0.0376,0.04,1.0,1.0,1.0,0.0385,0.0367,0.0,RB,00-0033856,1995-01-18,1.0,4.0,2017.0,2023.0,23.62,2017.0,4.0,48.969136,48.969136,12.240793,1.0
2019,Leonard Fournette,JAC,265.0,1152.0,4.3,3.0,1.0,15.0,,102.0,0.39,33.6,100.0,76.0,522.0,6.9,0.0,347.0,1.5,64.0,54.0,46.0,54.0,901.0,60.0,29.0,11.0,38.0,41.0,8.0,3.0,0.889,0.0113,0.0189,0.0,1.0,0.0,0.0,0.013,0.0,RB,00-0033856,1995-01-18,1.0,4.0,2017.0,2023.0,24.62,2017.0,4.0,48.969136,48.969136,12.240793,1.0
2020,Leonard Fournette,TB,97.0,367.0,3.8,6.0,0.0,13.0,70.0,-25.0,-0.27,30.9,47.0,36.0,233.0,6.5,0.0,221.0,1.72,56.0,26.0,40.0,32.0,383.0,29.0,25.0,12.0,35.0,38.0,9.0,5.0,0.5,0.0619,0.0558,1.0,1.0,0.0,0.0,0.0187,0.0,RB,00-0033856,1995-01-18,1.0,4.0,2017.0,2023.0,25.62,2020.0,1.0,3.039354,0.0,3.039354,0.0
2021,Leonard Fournette,TB,180.0,812.0,4.5,8.0,0.0,14.0,70.0,48.0,0.27,42.1,84.0,69.0,454.0,6.6,2.0,311.0,1.64,72.0,40.0,43.0,47.0,623.0,45.0,29.0,13.0,40.0,43.0,14.0,6.0,0.737,0.0444,0.045,2.0,3.0,2.0,0.0238,0.0328,0.0,RB,00-0033856,1995-01-18,1.0,4.0,2017.0,2023.0,26.62,2021.0,1.0,5.363836,3.300822,5.363836,0.615
2022,Leonard Fournette,TB,189.0,668.0,3.5,3.0,0.0,16.0,69.0,-135.0,-0.72,35.3,83.0,73.0,523.0,7.2,3.0,351.0,1.51,46.0,73.0,34.0,46.0,689.0,43.0,27.0,12.0,38.0,40.0,11.0,3.0,0.786,0.0159,0.0252,3.0,3.0,2.0,0.0361,0.0342,0.0,RB,00-0033856,1995-01-18,1.0,4.0,2017.0,2023.0,27.62,2022.0,3.0,30.380403,13.020173,10.126801,0.429
2018,Malcolm Brown,LAR,43.0,212.0,4.9,0.0,0.0,12.0,,,,,7.0,5.0,52.0,10.4,1.0,,,,,,,123.0,10.0,35.0,6.0,39.0,41.0,1.0,0.0,0.042,0.0,0.012,0.0,0.0,0.0,0.1429,0.0855,0.0,RB,00-0031806,1993-05-15,,,2015.0,2022.0,25.3,2018.0,1.0,1.070858,0.0,1.070858,0.0
2019,Malcolm Brown,LAR,69.0,255.0,3.7,5.0,0.0,14.0,,,,,6.0,2.0,16.0,8.0,0.0,,,,,,,222.0,16.0,31.0,3.0,32.0,34.0,7.0,4.0,0.304,0.0725,0.0654,0.0,0.0,0.0,0.0,0.0043,0.0,RB,00-0031806,1993-05-15,,,2015.0,2022.0,26.3,2019.0,1.0,5.281403,3.360893,2.640701,0.636
2020,Malcolm Brown,LAR,101.0,419.0,4.1,5.0,1.0,16.0,70.0,-54.0,-0.55,36.7,33.0,23.0,162.0,7.0,0.0,204.0,0.86,43.0,39.0,39.0,33.0,443.0,30.0,21.0,7.0,26.0,28.0,9.0,4.0,0.333,0.0495,0.0488,0.0,0.0,0.0,0.0,0.0125,0.0,RB,00-0031806,1993-05-15,,,2015.0,2022.0,27.3,,,,,,
2021,Malcolm Brown,MIA,33.0,125.0,3.8,1.0,0.0,6.0,71.0,,,,5.0,3.0,10.0,3.3,0.0,,,,,,,124.0,21.0,27.0,4.0,29.0,31.0,4.0,0.0,0.235,0.0303,0.0457,0.0,0.0,0.0,0.0,0.0155,1.0,RB,00-0031806,1993-05-15,,,2015.0,2022.0,28.3,2021.0,1.0,2.888219,2.888219,2.888219,1.0
2022,Malik Davis,DAL,38.0,161.0,4.2,1.0,0.0,6.0,73.0,,,,7.0,6.0,63.0,10.5,0.0,,,,,,,78.0,13.0,49.0,9.0,56.0,58.0,0.0,0.0,0.0,0.0263,0.0187,0.0,0.0,0.0,0.0,0.0124,0.0,RB,00-0037563,1998-11-26,,,2022.0,2026.0,23.76,2022.0,1.0,0.339489,0.0,0.339489,0.0
2023,Malik Davis,DAL,0.0,0.0,0.0,0.0,0.0,2.0,73.0,,,,0.0,0.0,0.0,0.0,0.0,,,,,,,,,,,,,0.0,0.0,0.0,,,0.0,0.0,0.0,,,0.0,RB,00-0037563,1998-11-26,,,2022.0,2026.0,24.76,2023.0,1.0,0.435452,0.0,0.435452,0.0
2025,Malik Davis,DAL,52.0,250.0,4.8,2.0,0.0,10.0,72.0,,,,5.0,2.0,16.0,8.0,0.0,,,,,,,155.0,16.0,34.0,3.0,35.0,37.0,2.0,1.0,0.087,0.0385,0.0323,0.0,0.0,0.0,0.0,0.0113,0.0,RB,00-0037563,1998-11-26,,,2022.0,2026.0,26.77,2025.0,1.0,0.347851,0.0,0.347851,0.0
2018,Mark Ingram II,NO,138.0,645.0,4.7,6.0,1.0,12.0,,68.0,0.51,36.6,27.0,21.0,170.0,8.1,1.0,109.0,1.7,26.0,53.0,59.0,50.0,350.0,29.0,39.0,8.0,45.0,47.0,14.0,4.0,0.452,0.0435,0.0479,1.0,1.0,0.0,0.037,0.0315,0.0,RB,00-0027966,1989-12-21,1.0,28.0,2011.0,2022.0,28.7,2015.0,4.0,33.634841,12.823283,8.40871,0.381
2019,Mark Ingram II,BAL,202.0,1018.0,5.0,10.0,2.0,15.0,,29.0,0.15,35.9,29.0,26.0,247.0,9.5,5.0,139.0,1.84,61.0,70.0,59.0,71.0,503.0,34.0,40.0,6.0,45.0,46.0,16.0,8.0,0.64,0.0495,0.0472,0.0,0.0,0.0,0.1724,0.1068,0.0,RB,00-0027966,1989-12-21,1.0,28.0,2011.0,2022.0,29.69,2019.0,3.0,24.006376,10.402763,8.002125,0.433
2020,Mark Ingram II,BAL,72.0,299.0,4.2,2.0,0.0,11.0,73.0,,,,8.0,6.0,50.0,8.3,0.0,,,,,,,161.0,15.0,45.0,5.0,48.0,50.0,2.0,1.0,0.091,0.0278,0.0261,0.0,0.0,0.0,0.0,0.0116,0.0,RB,00-0027966,1989-12-21,1.0,28.0,2011.0,2022.0,30.7,2019.0,3.0,24.006376,10.402763,8.002125,0.433
2021,Mark Ingram II,NO,160.0,554.0,3.5,2.0,1.0,14.0,69.0,-55.0,-0.35,32.5,35.0,27.0,162.0,6.0,0.0,101.0,1.6,44.0,61.0,31.0,37.0,400.0,29.0,40.0,9.0,47.0,49.0,7.0,1.0,0.412,0.0125,0.0205,0.0,0.0,0.0,0.0,0.0131,0.0,RB,00-0027966,1989-12-21,1.0,28.0,2011.0,2022.0,31.7,2021.0,2.0,5.98274,0.412603,2.99137,0.069
2022,Mark Ingram II,NO,62.0,233.0,3.8,1.0,2.0,10.0,71.0,,,,18.0,16.0,68.0,4.3,0.0,,,,,,,205.0,21.0,30.0,9.0,38.0,39.0,2.0,1.0,0.333,0.0161,0.0183,0.0,1.0,0.0,0.0,0.0312,0.0,RB,00-0027966,1989-12-21,1.0,28.0,2011.0,2022.0,32.7,2021.0,2.0,5.98274,0.412603,2.99137,0.069
2018,Marlon Mack,IND,195.0,908.0,4.7,9.0,2.0,12.0,,39.0,0.2,40.8,26.0,17.0,103.0,6.1,1.0,153.0,0.71,45.0,34.0,36.0,29.0,444.0,37.0,44.0,6.0,48.0,50.0,13.0,6.0,0.765,0.0462,0.0427,0.0,0.0,0.0,0.0385,0.0323,0.0,RB,00-0033951,1996-03-07,4.0,143.0,2017.0,2023.0,22.49,2017.0,4.0,4.570932,0.0,1.142733,0.0
2019,Marlon Mack,IND,247.0,1091.0,4.4,8.0,0.0,14.0,,4.0,0.02,35.2,17.0,14.0,82.0,5.9,0.0,,,,,,,510.0,36.0,48.0,3.0,51.0,52.0,6.0,3.0,0.429,0.0324,0.0298,0.0,0.0,0.0,0.0,0.0034,0.0,RB,00-0033951,1996-03-07,4.0,143.0,2017.0,2023.0,23.49,2017.0,4.0,4.570932,0.0,1.142733,0.0
2018,Matt Breida,SF,153.0,814.0,5.3,3.0,1.0,14.0,,90.0,0.61,37.2,31.0,27.0,261.0,9.7,2.0,126.0,2.07,36.0,62.0,72.0,70.0,365.0,26.0,42.0,8.0,49.0,50.0,6.0,2.0,0.4,0.0196,0.0235,1.0,1.0,1.0,0.0645,0.0469,0.0,RB,00-0033308,1995-02-28,,,2017.0,2023.0,23.51,2017.0,3.0,3.012,0.054108,1.004001,0.018
2019,Matt Breida,SF,123.0,623.0,5.1,1.0,1.0,13.0,,0.0,0.0,29.8,22.0,19.0,120.0,6.3,1.0,,,,,,,254.0,20.0,48.0,9.0,56.0,57.0,1.0,0.0,0.05,0.0081,0.0089,1.0,1.0,1.0,0.0455,0.041,0.0,RB,00-0033308,1995-02-28,,,2017.0,2023.0,24.51,2017.0,3.0,3.012,0.054108,1.004001,0.018
2020,Matt Breida,MIA,59.0,254.0,4.3,0.0,1.0,12.0,69.0,,,,10.0,9.0,96.0,10.7,0.0,,,,,,,152.0,13.0,39.0,7.0,45.0,45.0,0.0,0.0,0.0,0.0,0.0063,0.0,0.0,0.0,0.0,0.0047,0.0,RB,00-0033308,1995-02-28,,,2017.0,2023.0,25.51,2020.0,1.0,4.952628,0.0,4.952628,0.0
2021,Matt Breida,BUF,26.0,125.0,4.8,1.0,1.0,7.0,69.0,,,,9.0,7.0,72.0,10.3,2.0,,,,,,,78.0,11.0,33.0,12.0,42.0,45.0,0.0,0.0,0.0,0.0385,0.0266,0.0,0.0,0.0,0.2222,0.1334,0.0,RB,00-0033308,1995-02-28,,,2017.0,2023.0,26.51,2021.0,1.0,1.741184,0.231058,1.741184,0.133
2022,Matt Breida,NYG,54.0,220.0,4.1,1.0,0.0,17.0,70.0,,,,25.0,20.0,118.0,5.9,0.0,140.0,0.98,24.0,66.0,23.0,26.0,264.0,16.0,20.0,9.0,28.0,30.0,1.0,1.0,0.059,0.0185,0.0211,0.0,0.0,0.0,0.0,0.0032,0.0,RB,00-0033308,1995-02-28,,,2017.0,2023.0,27.51,2022.0,1.0,1.717939,0.401455,1.717939,0.234
2023,Matt Breida,NYG,55.0,151.0,2.7,1.0,0.0,15.0,71.0,,,,21.0,17.0,88.0,5.2,0.0,,,,,,,279.0,19.0,20.0,8.0,26.0,27.0,0.0,0.0,0.0,0.0182,0.0149,0.0,0.0,0.0,0.0,0.0028,0.0,RB,00-0033308,1995-02-28,,,2017.0,2023.0,28.51,2023.0,1.0,1.875801,0.669929,1.875801,0.357
2018,Melvin Gordon III,LAC,175.0,885.0,5.1,10.0,0.0,12.0,,-1.0,-0.01,36.0,66.0,50.0,490.0,9.8,4.0,198.0,2.55,48.0,40.0,67.0,59.0,524.0,44.0,33.0,13.0,43.0,46.0,5.0,4.0,0.455,0.0571,0.0402,1.0,1.0,1.0,0.0606,0.0534,0.0,RB,00-0032144,1993-04-13,1.0,15.0,2015.0,2023.0,25.39,2015.0,4.0,22.429734,22.429734,5.607435,1.0
2019,Melvin Gordon III,LAC,162.0,612.0,3.8,8.0,3.0,12.0,,-62.0,-0.39,32.9,55.0,42.0,296.0,7.0,1.0,156.0,1.9,46.0,36.0,61.0,50.0,427.0,36.0,38.0,13.0,48.0,51.0,13.0,6.0,0.565,0.0494,0.0487,1.0,1.0,1.0,0.0182,0.0241,0.0,RB,00-0032144,1993-04-13,1.0,15.0,2015.0,2023.0,26.38,,,,,,
2020,Melvin Gordon III,DEN,215.0,986.0,4.6,9.0,4.0,15.0,70.0,6.0,0.03,36.2,44.0,32.0,158.0,4.9,1.0,216.0,0.73,19.0,46.0,12.0,5.0,627.0,42.0,34.0,7.0,39.0,41.0,8.0,4.0,0.667,0.0419,0.0342,0.0,0.0,0.0,0.0227,0.0228,0.0,RB,00-0032144,1993-04-13,1.0,15.0,2015.0,2023.0,27.39,2020.0,2.0,24.314834,20.515641,12.157417,0.844
2021,Melvin Gordon III,DEN,203.0,918.0,4.5,8.0,3.0,16.0,70.0,74.0,0.37,38.1,38.0,28.0,213.0,7.6,2.0,198.0,1.08,28.0,56.0,44.0,40.0,514.0,32.0,39.0,7.0,45.0,47.0,11.0,4.0,0.524,0.0394,0.0372,0.0,0.0,0.0,0.0513,0.0402,0.0,RB,00-0032144,1993-04-13,1.0,15.0,2015.0,2023.0,28.39,2020.0,2.0,24.314834,20.515641,12.157417,0.844
2022,Melvin Gordon III,DEN,90.0,318.0,3.5,2.0,2.0,10.0,74.0,-67.0,-0.76,35.2,32.0,25.0,223.0,8.9,0.0,132.0,1.69,79.0,49.0,36.0,48.0,255.0,28.0,32.0,11.0,40.0,43.0,8.0,2.0,0.444,0.0222,0.0332,0.0,0.0,0.0,0.0,0.0073,0.0,RB,00-0032144,1993-04-13,1.0,15.0,2015.0,2023.0,29.39,2022.0,1.0,0.518203,0.0,0.518203,0.0
2023,Melvin Gordon III,BAL,26.0,81.0,3.1,1.0,1.0,4.0,74.0,,,,3.0,3.0,46.0,15.3,0.0,,,,,,,56.0,14.0,46.0,5.0,52.0,52.0,0.0,0.0,0.0,0.0385,0.0289,0.0,0.0,0.0,0.0,0.0052,0.0,RB,00-0032144,1993-04-13,1.0,15.0,2015.0,2023.0,30.38,2023.0,1.0,0.615054,0.0,0.615054,0.0
2021,Michael Carter,NYJ,147.0,639.0,4.3,4.0,1.0,14.0,68.0,70.0,0.48,44.9,55.0,36.0,325.0,9.0,0.0,168.0,1.93,44.0,32.0,83.0,66.0,449.0,32.0,33.0,12.0,41.0,45.0,9.0,3.0,0.391,0.0272,0.0321,1.0,1.0,0.0,0.0,0.0081,0.0,RB,00-0036924,1999-05-07,4.0,107.0,2021.0,2026.0,22.32,2021.0,4.0,7.075906,1.332476,1.768976,0.188
2022,Michael Carter,NYJ,114.0,402.0,3.5,3.0,1.0,16.0,69.0,-64.0,-0.59,30.0,54.0,41.0,288.0,7.0,0.0,221.0,1.3,65.0,65.0,43.0,57.0,496.0,31.0,23.0,11.0,31.0,34.0,4.0,2.0,0.211,0.0263,0.0262,0.0,0.0,0.0,0.0,0.0107,0.0,RB,00-0036924,1999-05-07,4.0,107.0,2021.0,2026.0,23.32,2021.0,4.0,7.075906,1.332476,1.768976,0.188
2023,Michael Carter,ARI,30.0,187.0,6.2,0.0,0.0,15.0,72.0,,,,31.0,24.0,101.0,4.2,1.0,138.0,0.73,66.0,48.0,19.0,29.0,224.0,15.0,13.0,14.0,24.0,27.0,1.0,0.0,0.067,0.0,0.0117,0.0,0.0,0.0,0.0323,0.0305,0.0,RB,00-0036924,1999-05-07,4.0,107.0,2021.0,2026.0,24.32,2021.0,4.0,7.075906,1.332476,1.768976,0.188
2024,Michael Carter,ARI,35.0,131.0,3.7,1.0,0.0,4.0,72.0,,,,11.0,11.0,57.0,5.2,0.0,,,,,,,132.0,44.0,27.0,8.0,35.0,35.0,1.0,0.0,0.071,0.0286,0.0358,0.0,0.0,0.0,0.0,0.0123,0.0,RB,00-0036924,1999-05-07,4.0,107.0,2021.0,2026.0,25.32,2024.0,2.0,2.800901,0.117933,1.40045,0.042
2025,Michael Carter,ARI,92.0,333.0,3.6,1.0,0.0,13.0,71.0,-68.0,-0.76,28.9,45.0,33.0,267.0,8.1,0.0,211.0,1.27,84.0,65.0,49.0,69.0,393.0,30.0,23.0,11.0,32.0,35.0,3.0,1.0,0.214,0.0109,0.0157,0.0,0.0,0.0,0.0,0.0159,0.0,RB,00-0036924,1999-05-07,4.0,107.0,2021.0,2026.0,26.32,2025.0,1.0,0.427203,0.0,0.427203,0.0
2018,Mike Davis,SEA,112.0,514.0,4.6,4.0,0.0,15.0,,48.0,0.43,43.2,42.0,34.0,214.0,6.3,1.0,144.0,1.64,61.0,42.0,39.0,41.0,390.0,26.0,29.0,11.0,37.0,39.0,3.0,1.0,0.15,0.0357,0.0297,1.0,1.0,1.0,0.0238,0.0219,0.0,RB,00-0032063,1993-02-19,4.0,126.0,2015.0,2022.0,25.53,2018.0,1.0,2.294695,0.594921,2.294695,0.259
2019,Mike Davis,CAR,13.0,27.0,2.1,0.0,0.0,12.0,,,,,8.0,7.0,22.0,3.1,0.0,,,,,,,79.0,7.0,16.0,10.0,25.0,27.0,0.0,0.0,0.0,,,0.0,0.0,0.0,,,0.0,RB,00-0032063,1993-02-19,4.0,126.0,2015.0,2022.0,26.53,2019.0,2.0,9.60255,4.801275,4.801275,0.5
2020,Mike Davis,CAR,165.0,642.0,3.9,6.0,1.0,15.0,72.0,11.0,0.07,34.2,70.0,59.0,373.0,6.3,2.0,211.0,1.77,53.0,58.0,60.0,63.0,580.0,39.0,28.0,12.0,39.0,41.0,11.0,5.0,0.688,0.0364,0.04,1.0,1.0,1.0,0.0286,0.033,0.0,RB,00-0032063,1993-02-19,4.0,126.0,2015.0,2022.0,27.53,2019.0,2.0,9.60255,4.801275,4.801275,0.5
2021,Mike Davis,ATL,138.0,503.0,3.6,3.0,3.0,17.0,67.0,-85.0,-0.62,28.5,58.0,44.0,259.0,5.9,1.0,224.0,1.16,47.0,60.0,38.0,44.0,594.0,35.0,23.0,10.0,31.0,33.0,4.0,2.0,0.364,0.0217,0.0228,0.0,2.0,0.0,0.0172,0.0242,0.0,RB,00-0032063,1993-02-19,4.0,126.0,2015.0,2022.0,28.53,2021.0,2.0,9.07726,4.951233,4.53863,0.545
2019,Miles Sanders,PHI,179.0,818.0,4.6,3.0,1.0,16.0,,-55.0,-0.31,31.4,63.0,50.0,509.0,10.2,3.0,251.0,2.06,41.0,71.0,61.0,67.0,613.0,38.0,29.0,10.0,37.0,39.0,6.0,2.0,0.333,0.0168,0.0215,0.0,0.0,0.0,0.0476,0.0403,0.0,RB,00-0035243,1997-05-01,2.0,53.0,2019.0,2025.0,22.34,2019.0,4.0,8.578647,5.044532,2.144662,0.588
2020,Miles Sanders,PHI,164.0,867.0,5.3,6.0,2.0,12.0,73.0,8.0,0.05,34.4,52.0,28.0,197.0,7.0,0.0,216.0,0.91,43.0,6.0,41.0,19.0,602.0,50.0,27.0,9.0,32.0,36.0,10.0,4.0,0.476,0.0366,0.036,0.0,0.0,0.0,0.0,0.0045,0.0,RB,00-0035243,1997-05-01,2.0,53.0,2019.0,2025.0,23.34,2019.0,4.0,8.578647,5.044532,2.144662,0.588
2021,Miles Sanders,PHI,137.0,754.0,5.5,0.0,1.0,12.0,74.0,37.0,0.27,38.2,34.0,26.0,158.0,6.1,0.0,141.0,1.21,41.0,46.0,51.0,46.0,426.0,36.0,32.0,8.0,38.0,40.0,6.0,0.0,0.207,0.0,0.0142,0.0,0.0,0.0,0.0,0.0098,0.0,RB,00-0035243,1997-05-01,2.0,53.0,2019.0,2025.0,24.34,2019.0,4.0,8.578647,5.044532,2.144662,0.588
2022,Miles Sanders,PHI,259.0,1269.0,4.9,11.0,2.0,17.0,75.0,94.0,0.37,42.8,26.0,20.0,78.0,3.9,0.0,236.0,0.34,47.0,51.0,32.0,34.0,673.0,40.0,38.0,4.0,41.0,42.0,13.0,7.0,0.591,0.0425,0.0388,0.0,0.0,0.0,0.0,0.0015,0.0,RB,00-0035243,1997-05-01,2.0,53.0,2019.0,2025.0,25.34,2019.0,4.0,8.578647,5.044532,2.144662,0.588
2023,Miles Sanders,CAR,129.0,432.0,3.3,1.0,2.0,16.0,72.0,-54.0,-0.42,28.1,41.0,27.0,154.0,5.7,0.0,184.0,0.84,47.0,48.0,23.0,25.0,406.0,25.0,32.0,10.0,38.0,42.0,4.0,1.0,0.267,0.0078,0.0137,0.0,0.0,0.0,0.0,0.0068,0.0,RB,00-0035243,1997-05-01,2.0,53.0,2019.0,2025.0,26.34,2023.0,4.0,34.032384,17.418149,8.508096,0.512
2024,Miles Sanders,CAR,55.0,205.0,3.7,2.0,0.0,11.0,72.0,,,,30.0,24.0,148.0,6.2,1.0,109.0,1.36,56.0,65.0,22.0,36.0,224.0,20.0,25.0,13.0,35.0,38.0,1.0,1.0,0.043,0.0364,0.0302,0.0,0.0,0.0,0.0333,0.024,1.0,RB,00-0035243,1997-05-01,2.0,53.0,2019.0,2025.0,27.34,2023.0,4.0,34.032384,17.418149,8.508096,0.512
2019,Myles Gaskin,MIA,36.0,133.0,3.7,1.0,0.0,7.0,,,,,12.0,7.0,51.0,7.3,0.0,,,,,,,125.0,18.0,29.0,10.0,34.0,38.0,1.0,1.0,0.056,0.0278,0.0258,1.0,1.0,0.0,0.0,0.0261,0.0,RB,00-0035311,1997-02-15,7.0,234.0,2019.0,2025.0,22.54,2019.0,4.0,4.172481,0.13941,1.04312,0.033
2020,Myles Gaskin,MIA,142.0,584.0,4.1,3.0,2.0,10.0,69.0,19.0,0.14,40.6,47.0,41.0,388.0,9.5,2.0,148.0,2.62,67.0,57.0,62.0,70.0,455.0,46.0,31.0,10.0,40.0,42.0,10.0,2.0,0.588,0.0211,0.0347,1.0,1.0,0.0,0.0426,0.0389,0.0,RB,00-0035311,1997-02-15,7.0,234.0,2019.0,2025.0,23.54,2019.0,4.0,4.172481,0.13941,1.04312,0.033
2021,Myles Gaskin,MIA,173.0,612.0,3.5,3.0,1.0,17.0,71.0,-115.0,-0.67,31.0,63.0,49.0,234.0,4.8,4.0,206.0,1.14,66.0,52.0,25.0,35.0,575.0,34.0,30.0,11.0,39.0,41.0,8.0,2.0,0.471,0.0173,0.0253,2.0,2.0,2.0,0.0635,0.0531,0.0,RB,00-0035311,1997-02-15,7.0,234.0,2019.0,2025.0,24.54,2019.0,4.0,4.172481,0.13941,1.04312,0.033
2021,Najee Harris,PIT,307.0,1200.0,3.9,7.0,0.0,17.0,67.0,-81.0,-0.27,33.6,94.0,74.0,467.0,6.3,3.0,248.0,1.88,65.0,22.0,53.0,44.0,980.0,58.0,31.0,10.0,39.0,41.0,11.0,4.0,1.0,0.0228,0.0226,2.0,3.0,2.0,0.0319,0.0344,0.0,RB,00-0036893,1998-03-09,1.0,24.0,2021.0,2026.0,23.48,2021.0,4.0,21.533645,21.533645,5.383411,1.0
2022,Najee Harris,PIT,272.0,1034.0,3.8,7.0,2.0,17.0,72.0,-116.0,-0.43,38.0,53.0,41.0,229.0,5.6,3.0,260.0,0.88,44.0,64.0,38.0,44.0,763.0,45.0,36.0,7.0,41.0,43.0,9.0,3.0,0.818,0.0257,0.0273,1.0,1.0,1.0,0.0566,0.0471,0.0,RB,00-0036893,1998-03-09,1.0,24.0,2021.0,2026.0,24.48,2021.0,4.0,21.533645,21.533645,5.383411,1.0
2023,Najee Harris,PIT,255.0,1035.0,4.1,8.0,1.0,17.0,72.0,79.0,0.31,41.9,38.0,29.0,170.0,5.9,0.0,187.0,0.99,48.0,70.0,30.0,42.0,569.0,33.0,45.0,7.0,50.0,51.0,10.0,5.0,0.714,0.0314,0.0298,1.0,1.0,0.0,0.0,0.0132,0.0,RB,00-0036893,1998-03-09,1.0,24.0,2021.0,2026.0,25.48,2021.0,4.0,21.533645,21.533645,5.383411,1.0
2024,Najee Harris,PIT,263.0,1043.0,4.0,6.0,0.0,17.0,71.0,-3.0,-0.01,35.4,48.0,36.0,283.0,7.9,0.0,199.0,1.63,59.0,43.0,63.0,61.0,295.0,37.0,46.0,9.0,53.0,55.0,11.0,2.0,0.647,0.0228,0.0268,0.0,0.0,0.0,0.0,0.0065,0.0,RB,00-0036893,1998-03-09,1.0,24.0,2021.0,2026.0,26.48,2021.0,4.0,21.533645,21.533645,5.383411,1.0
2025,Nate Carter,ATL,9.0,60.0,6.7,0.0,1.0,4.0,70.0,,,,17.0,16.0,99.0,6.2,0.0,,,,,,,12.0,3.0,75.0,0.0,75.0,75.0,0.0,0.0,0.0,,,0.0,0.0,0.0,,,0.0,RB,00-0040547,2002-05-22,,,2025.0,2026.0,23.28,2025.0,3.0,3.214814,0.184474,1.071604,0.057
2018,Nick Chubb,CLE,192.0,996.0,5.2,8.0,0.0,16.0,,195.0,1.04,35.6,29.0,20.0,149.0,7.5,2.0,,,,,,,395.0,25.0,49.0,7.0,54.0,56.0,9.0,5.0,0.45,0.0417,0.0357,0.0,0.0,0.0,0.069,0.0485,0.0,RB,00-0034791,1995-12-27,2.0,35.0,2018.0,2025.0,22.68,2018.0,4.0,12.549593,9.003898,3.137399,0.717
2019,Nick Chubb,CLE,298.0,1494.0,5.0,8.0,3.0,16.0,,284.0,0.96,39.2,49.0,36.0,278.0,7.7,0.0,168.0,1.65,31.0,43.0,64.0,51.0,714.0,45.0,42.0,7.0,47.0,49.0,16.0,3.0,0.842,0.0268,0.0308,0.0,1.0,0.0,0.0,0.0105,0.0,RB,00-0034791,1995-12-27,2.0,35.0,2018.0,2025.0,23.68,2018.0,4.0,12.549593,9.003898,3.137399,0.717
2020,Nick Chubb,CLE,190.0,1067.0,5.6,12.0,1.0,12.0,71.0,295.0,1.58,40.3,18.0,16.0,150.0,9.4,0.0,,,,,,,410.0,34.0,46.0,4.0,50.0,51.0,11.0,5.0,0.458,0.0632,0.051,0.0,0.0,0.0,0.0,0.0126,0.0,RB,00-0034791,1995-12-27,2.0,35.0,2018.0,2025.0,24.68,2018.0,4.0,12.549593,9.003898,3.137399,0.717
2021,Nick Chubb,CLE,228.0,1259.0,5.5,8.0,1.0,14.0,72.0,255.0,1.13,42.0,25.0,20.0,174.0,8.7,1.0,,,,,,,482.0,34.0,47.0,5.0,51.0,52.0,11.0,4.0,0.611,0.0351,0.0337,1.0,1.0,1.0,0.04,0.0323,0.0,RB,00-0034791,1995-12-27,2.0,35.0,2018.0,2025.0,25.68,2021.0,3.0,60.405041,28.276588,20.135014,0.468
2022,Nick Chubb,CLE,302.0,1525.0,5.0,12.0,1.0,17.0,72.0,284.0,0.94,41.9,37.0,27.0,239.0,8.9,1.0,213.0,1.12,16.0,68.0,62.0,56.0,660.0,39.0,46.0,6.0,50.0,51.0,12.0,6.0,0.706,0.0397,0.033,0.0,0.0,0.0,0.027,0.0222,0.0,RB,00-0034791,1995-12-27,2.0,35.0,2018.0,2025.0,26.68,2021.0,3.0,60.405041,28.276588,20.135014,0.468
2023,Nick Chubb,CLE,28.0,170.0,6.1,0.0,0.0,2.0,70.0,,,,4.0,4.0,21.0,5.3,0.0,,,,,,,54.0,27.0,52.0,7.0,59.0,59.0,0.0,0.0,0.0,0.0,0.0064,0.0,0.0,0.0,0.0,0.0094,1.0,RB,00-0034791,1995-12-27,2.0,35.0,2018.0,2025.0,27.68,2021.0,3.0,60.405041,28.276588,20.135014,0.468
2024,Nick Chubb,CLE,102.0,332.0,3.3,3.0,1.0,8.0,72.0,-25.0,-0.25,42.0,11.0,5.0,31.0,6.2,1.0,,,,,,,235.0,29.0,43.0,5.0,46.0,48.0,6.0,3.0,0.4,0.0294,0.0317,1.0,1.0,1.0,0.0909,0.0717,1.0,RB,00-0034791,1995-12-27,2.0,35.0,2018.0,2025.0,28.68,2024.0,1.0,2.682968,2.417619,2.682968,0.901
2025,Nick Chubb,HOU,122.0,506.0,4.1,3.0,0.0,15.0,68.0,64.0,0.54,39.2,20.0,13.0,67.0,5.2,0.0,,,,,,,326.0,22.0,37.0,6.0,41.0,44.0,6.0,1.0,0.286,0.0246,0.0254,0.0,0.0,0.0,0.0,0.0084,0.0,RB,00-0034791,1995-12-27,2.0,35.0,2018.0,2025.0,29.68,2025.0,1.0,2.696991,1.618195,2.696991,0.6
2018,Nyheim Hines,IND,85.0,314.0,3.7,2.0,0.0,16.0,,-74.0,-0.88,31.0,81.0,63.0,425.0,6.7,2.0,270.0,1.57,58.0,57.0,40.0,48.0,500.0,31.0,17.0,16.0,30.0,33.0,3.0,1.0,0.176,0.0235,0.0275,1.0,2.0,0.0,0.0247,0.0278,0.0,RB,00-0034367,1996-11-12,4.0,104.0,2018.0,2025.0,21.8,2018.0,4.0,5.413013,1.231568,1.353253,0.228
2019,Nyheim Hines,IND,52.0,199.0,3.8,2.0,1.0,16.0,,,,,58.0,44.0,320.0,7.3,0.0,167.0,1.92,45.0,32.0,49.0,39.0,339.0,21.0,15.0,17.0,28.0,32.0,2.0,1.0,0.143,0.0385,0.0372,0.0,1.0,0.0,0.0,0.0158,0.0,RB,00-0034367,1996-11-12,4.0,104.0,2018.0,2025.0,22.8,2018.0,4.0,5.413013,1.231568,1.353253,0.228
2020,Nyheim Hines,IND,89.0,380.0,4.3,3.0,0.0,16.0,72.0,-7.0,-0.08,38.6,76.0,63.0,482.0,7.7,4.0,222.0,2.21,43.0,56.0,49.0,50.0,395.0,25.0,23.0,19.0,38.0,42.0,7.0,2.0,0.292,0.0337,0.0429,0.0,0.0,0.0,0.0519,0.0428,0.0,RB,00-0034367,1996-11-12,4.0,104.0,2018.0,2025.0,23.8,2018.0,4.0,5.413013,1.231568,1.353253,0.228
2021,Nyheim Hines,IND,56.0,276.0,4.9,2.0,2.0,17.0,72.0,,,,57.0,40.0,310.0,7.8,1.0,156.0,1.99,60.0,51.0,51.0,55.0,352.0,21.0,16.0,16.0,27.0,32.0,0.0,0.0,0.0,0.0357,0.0241,0.0,0.0,0.0,0.0175,0.0193,0.0,RB,00-0034367,1996-11-12,4.0,104.0,2018.0,2025.0,24.8,2021.0,3.0,30.697644,16.999233,10.232548,0.554
2022,Nyheim Hines,BUF,24.0,33.0,1.4,1.0,0.0,16.0,71.0,,,,37.0,30.0,241.0,8.0,1.0,124.0,2.03,61.0,79.0,36.0,56.0,208.0,13.0,12.0,18.0,26.0,29.0,2.0,0.0,0.167,,,0.0,0.0,0.0,,,0.0,RB,00-0034367,1996-11-12,4.0,104.0,2018.0,2025.0,25.8,2021.0,3.0,30.697644,16.999233,10.232548,0.554
2025,Ollie Gordon II,MIA,70.0,199.0,2.8,3.0,0.0,17.0,70.0,,,,9.0,7.0,32.0,4.6,1.0,,,,,,,223.0,13.0,31.0,4.0,35.0,35.0,5.0,2.0,0.417,0.0429,0.0464,0.0,0.0,0.0,0.1111,0.0707,0.0,RB,00-0040198,2004-01-15,6.0,179.0,2025.0,2026.0,21.63,2025.0,4.0,4.825095,0.294149,1.206274,0.061
2025,Omarion Hampton,LAC,124.0,545.0,4.4,4.0,0.0,9.0,69.0,82.0,0.66,45.2,35.0,32.0,192.0,6.0,1.0,159.0,1.21,62.0,78.0,50.0,68.0,384.0,43.0,32.0,9.0,41.0,41.0,8.0,3.0,0.471,0.0323,0.0346,1.0,1.0,1.0,0.0286,0.0267,1.0,RB,00-0040666,2003-03-16,1.0,22.0,2025.0,2026.0,22.46,2025.0,4.0,19.175031,19.175031,4.793758,1.0
2021,Patrick Taylor Jr.,GB,23.0,89.0,3.9,1.0,0.0,5.0,73.0,,,,2.0,2.0,3.0,1.5,0.0,,,,,,,61.0,12.0,38.0,3.0,41.0,41.0,0.0,0.0,0.0,,,0.0,0.0,0.0,,,0.0,RB,00-0035973,1998-04-29,,,2020.0,2026.0,23.34,2021.0,1.0,0.273308,0.0,0.273308,0.0
2022,Patrick Taylor Jr.,GB,10.0,31.0,3.1,0.0,0.0,7.0,72.0,,,,1.0,1.0,17.0,17.0,0.0,,,,,,,,,,,,,0.0,0.0,0.0,,,0.0,0.0,0.0,,,0.0,RB,00-0035973,1998-04-29,,,2020.0,2026.0,24.34,2022.0,1.0,0.299464,0.0,0.299464,0.0
2023,Patrick Taylor Jr.,GB,32.0,141.0,4.4,0.0,0.0,11.0,70.0,,,,17.0,11.0,49.0,4.5,0.0,,,,,,,226.0,21.0,14.0,8.0,19.0,22.0,1.0,0.0,0.056,0.0,0.0121,0.0,0.0,0.0,0.0,0.0135,0.0,RB,00-0035973,1998-04-29,,,2020.0,2026.0,25.34,2023.0,1.0,0.451085,0.0,0.451085,0.0
2024,Patrick Taylor Jr.,SF,39.0,183.0,4.7,1.0,0.0,9.0,71.0,,,,11.0,3.0,25.0,8.3,0.0,,,,,,,172.0,25.0,23.0,6.0,24.0,29.0,2.0,1.0,0.105,0.0256,0.0351,0.0,0.0,0.0,0.0,0.008,0.0,RB,00-0035973,1998-04-29,,,2020.0,2026.0,26.34,2024.0,1.0,1.24419,0.0,1.24419,0.0
2018,Peyton Barber,TB,234.0,871.0,3.7,5.0,1.0,16.0,,-1.0,-0.01,41.5,29.0,20.0,92.0,4.6,1.0,195.0,0.47,55.0,38.0,36.0,34.0,617.0,39.0,38.0,5.0,41.0,43.0,14.0,5.0,0.824,0.0214,0.0283,1.0,1.0,1.0,0.0345,0.0358,0.0,RB,00-0032741,1994-02-27,,,2016.0,2021.0,24.51,2018.0,1.0,1.070858,0.0,1.070858,0.0
2019,Peyton Barber,TB,154.0,470.0,3.1,6.0,1.0,16.0,,-88.0,-0.58,37.1,24.0,16.0,115.0,7.2,1.0,,,,,,,338.0,21.0,46.0,7.0,50.0,53.0,9.0,4.0,0.429,0.039,0.0375,0.0,0.0,0.0,0.0417,0.0345,0.0,RB,00-0032741,1994-02-27,,,2016.0,2021.0,25.51,2019.0,1.0,3.400903,1.600425,3.400903,0.471
2020,Peyton Barber,WAS,94.0,258.0,2.7,4.0,0.0,16.0,73.0,-75.0,-0.79,35.1,7.0,4.0,12.0,3.0,0.0,,,,,,,192.0,12.0,49.0,4.0,51.0,53.0,9.0,4.0,0.375,0.0426,0.046,0.0,0.0,0.0,0.0,0.0009,0.0,RB,00-0032741,1994-02-27,,,2016.0,2021.0,26.51,2020.0,2.0,4.559031,0.911806,2.279516,0.2
2021,Peyton Barber,LV,55.0,212.0,3.9,2.0,0.0,10.0,67.0,,,,13.0,10.0,67.0,6.7,0.0,,,,,,,116.0,13.0,47.0,11.0,56.0,59.0,3.0,2.0,0.214,0.0364,0.0355,0.0,0.0,0.0,0.0,0.012,0.0,RB,00-0032741,1994-02-27,,,2016.0,2021.0,27.51,2021.0,1.0,0.415904,0.0,0.415904,0.0
2018,Phillip Lindsay,DEN,192.0,1037.0,5.4,9.0,0.0,15.0,,181.0,0.98,41.9,47.0,35.0,241.0,6.9,1.0,118.0,2.04,44.0,31.0,73.0,58.0,454.0,30.0,42.0,10.0,50.0,53.0,8.0,5.0,0.615,0.0469,0.0373,0.0,0.0,0.0,0.0213,0.0237,0.0,RB,00-0034109,1994-07-24,,,2018.0,2022.0,24.11,2018.0,3.0,2.932111,0.025497,0.97737,0.009
2019,Phillip Lindsay,DEN,224.0,1011.0,4.5,7.0,0.0,16.0,,28.0,0.13,34.9,48.0,35.0,196.0,5.6,0.0,142.0,1.38,61.0,23.0,37.0,30.0,513.0,32.0,44.0,9.0,50.0,53.0,8.0,5.0,0.571,0.0313,0.0276,1.0,1.0,0.0,0.0,0.0143,0.0,RB,00-0034109,1994-07-24,,,2018.0,2022.0,25.11,2018.0,3.0,2.932111,0.025497,0.97737,0.009
2020,Phillip Lindsay,DEN,118.0,502.0,4.3,1.0,0.0,11.0,70.0,10.0,0.09,34.8,14.0,7.0,28.0,4.0,0.0,,,,,,,270.0,25.0,44.0,5.0,46.0,49.0,3.0,0.0,0.25,0.0085,0.012,0.0,0.0,0.0,0.0,0.009,0.0,RB,00-0034109,1994-07-24,,,2018.0,2022.0,26.11,2018.0,3.0,2.932111,0.025497,0.97737,0.009
2021,Phillip Lindsay,MIA,88.0,249.0,2.8,1.0,0.0,14.0,71.0,,,,5.0,4.0,45.0,11.3,1.0,,,,,,,159.0,11.0,55.0,3.0,58.0,58.0,2.0,1.0,0.118,0.0114,0.0142,0.0,1.0,0.0,0.2,0.1536,0.0,RB,00-0034109,1994-07-24,,,2018.0,2022.0,27.11,2021.0,1.0,3.520327,0.0,3.520327,0.0
2022,Pierre Strong Jr.,NE,10.0,100.0,10.0,1.0,0.0,10.0,68.0,,,,7.0,7.0,42.0,6.0,0.0,,,,,,,47.0,8.0,21.0,15.0,36.0,36.0,1.0,1.0,0.056,,,0.0,0.0,0.0,,,0.0,RB,00-0038098,1998-12-10,4.0,127.0,2022.0,2026.0,23.73,2022.0,4.0,6.326977,1.032106,1.581744,0.163
2023,Pierre Strong Jr.,CLE,63.0,291.0,4.6,1.0,1.0,17.0,70.0,,,,8.0,5.0,47.0,9.4,0.0,,,,,,,169.0,11.0,37.0,5.0,40.0,42.0,2.0,1.0,0.111,0.0159,0.0171,0.0,0.0,0.0,0.0,0.0029,0.0,RB,00-0038098,1998-12-10,4.0,127.0,2022.0,2026.0,24.73,2022.0,4.0,6.326977,1.032106,1.581744,0.163
2024,Pierre Strong Jr.,CLE,26.0,108.0,4.2,0.0,0.0,13.0,72.0,,,,22.0,14.0,104.0,7.4,0.0,,,,,,,192.0,16.0,14.0,11.0,21.0,25.0,0.0,0.0,0.0,0.0,0.0026,0.0,0.0,0.0,0.0,0.0062,0.0,RB,00-0038098,1998-12-10,4.0,127.0,2022.0,2026.0,25.73,2022.0,4.0,6.326977,1.032106,1.581744,0.163
2025,Quinshon Judkins,CLE,230.0,827.0,3.6,7.0,0.0,14.0,70.0,69.0,0.3,38.5,36.0,26.0,171.0,6.6,0.0,133.0,1.29,65.0,48.0,45.0,50.0,452.0,32.0,51.0,8.0,57.0,59.0,11.0,5.0,0.611,0.0304,0.0288,0.0,0.0,0.0,0.0,0.0034,1.0,RB,00-0040784,2003-10-29,2.0,36.0,2025.0,2026.0,21.84,2025.0,4.0,12.300564,12.300564,3.075141,1.0
2025,RJ Harvey,DEN,146.0,540.0,3.7,7.0,1.0,17.0,74.0,-91.0,-0.64,31.2,58.0,47.0,356.0,7.6,5.0,245.0,1.73,47.0,84.0,49.0,65.0,481.0,28.0,30.0,12.0,40.0,43.0,9.0,5.0,0.5,0.0476,0.0413,3.0,3.0,3.0,0.0862,0.0698,0.0,RB,00-0040730,2001-02-04,2.0,60.0,2025.0,2026.0,24.57,2025.0,4.0,7.939591,5.099789,1.984898,0.642
2022,Rachaad White,TB,129.0,481.0,3.7,1.0,3.0,17.0,69.0,-30.0,-0.23,34.1,58.0,50.0,290.0,5.8,2.0,243.0,1.34,61.0,76.0,37.0,56.0,469.0,28.0,28.0,12.0,38.0,40.0,3.0,1.0,0.214,0.0078,0.0122,1.0,1.0,1.0,0.0345,0.0318,0.0,RB,00-0037256,1999-01-12,3.0,91.0,2022.0,2026.0,23.64,2022.0,4.0,7.421499,1.317798,1.855375,0.178
2023,Rachaad White,TB,272.0,990.0,3.6,6.0,2.0,17.0,72.0,-115.0,-0.43,36.7,70.0,64.0,549.0,8.6,3.0,430.0,1.37,71.0,73.0,73.0,88.0,861.0,51.0,32.0,8.0,39.0,40.0,11.0,6.0,0.917,0.0221,0.0237,0.0,0.0,0.0,0.0429,0.0327,0.0,RB,00-0037256,1999-01-12,3.0,91.0,2022.0,2026.0,24.64,2022.0,4.0,7.421499,1.317798,1.855375,0.178
2024,Rachaad White,TB,144.0,613.0,4.3,3.0,3.0,16.0,73.0,48.0,0.34,40.3,57.0,51.0,393.0,7.7,6.0,245.0,1.66,38.0,75.0,69.0,73.0,591.0,37.0,24.0,10.0,33.0,34.0,8.0,2.0,0.333,0.0208,0.0267,2.0,2.0,1.0,0.1053,0.0776,0.0,RB,00-0037256,1999-01-12,3.0,91.0,2022.0,2026.0,25.64,2022.0,4.0,7.421499,1.317798,1.855375,0.178
2025,Rachaad White,TB,132.0,572.0,4.3,4.0,0.0,17.0,70.0,-28.0,-0.22,35.4,45.0,40.0,218.0,5.5,0.0,,,,,,,574.0,34.0,23.0,8.0,30.0,31.0,8.0,3.0,0.421,0.0303,0.0307,0.0,0.0,0.0,0.0,0.0164,0.0,RB,00-0037256,1999-01-12,3.0,91.0,2022.0,2026.0,26.64,2022.0,4.0,7.421499,1.317798,1.855375,0.178
2018,Raheem Mostert,SF,34.0,261.0,7.7,1.0,1.0,9.0,,,,,7.0,6.0,25.0,4.2,0.0,,,,,,,90.0,10.0,38.0,8.0,44.0,46.0,0.0,0.0,0.0,0.0294,0.0176,0.0,0.0,0.0,0.0,0.0049,0.0,RB,00-0031687,1992-04-09,,,2015.0,2025.0,26.4,2018.0,1.0,1.198341,0.0,1.198341,0.0
2019,Raheem Mostert,SF,137.0,772.0,5.6,8.0,2.0,16.0,,38.0,0.29,40.2,22.0,14.0,180.0,12.9,2.0,,,,,,,360.0,23.0,38.0,6.0,42.0,44.0,3.0,1.0,0.15,0.0584,0.0411,0.0,0.0,0.0,0.0909,0.057,0.0,RB,00-0031687,1992-04-09,,,2015.0,2025.0,27.39,2019.0,3.0,13.923698,3.84102,4.641233,0.276
2020,Raheem Mostert,SF,104.0,521.0,5.0,2.0,1.0,8.0,69.0,52.0,0.51,35.9,19.0,16.0,156.0,9.8,1.0,,,,,,,237.0,30.0,44.0,8.0,51.0,52.0,6.0,0.0,0.25,0.0192,0.025,0.0,0.0,0.0,0.0526,0.0301,0.0,RB,00-0031687,1992-04-09,,,2015.0,2025.0,28.4,2019.0,3.0,13.923698,3.84102,4.641233,0.276
2021,Raheem Mostert,SF,2.0,20.0,10.0,0.0,0.0,1.0,70.0,,,,0.0,0.0,0.0,0.0,0.0,,,,,,,,,,,,,0.0,0.0,0.0,,,0.0,0.0,0.0,,,1.0,RB,00-0031687,1992-04-09,,,2015.0,2025.0,29.4,2019.0,3.0,13.923698,3.84102,4.641233,0.276
2022,Raheem Mostert,MIA,181.0,891.0,4.9,3.0,1.0,16.0,71.0,-18.0,-0.1,34.4,42.0,31.0,202.0,6.5,2.0,264.0,0.77,30.0,51.0,51.0,45.0,552.0,35.0,33.0,8.0,38.0,40.0,5.0,1.0,0.313,0.0166,0.0183,1.0,1.0,1.0,0.0476,0.0462,0.0,RB,00-0031687,1992-04-09,,,2015.0,2025.0,30.4,2022.0,1.0,3.074207,1.446686,3.074207,0.471
2023,Raheem Mostert,MIA,209.0,1012.0,4.8,18.0,1.0,15.0,71.0,126.0,0.61,38.5,32.0,25.0,175.0,7.0,3.0,223.0,0.77,43.0,48.0,45.0,42.0,555.0,37.0,38.0,6.0,42.0,43.0,20.0,12.0,0.741,0.0861,0.0687,2.0,2.0,2.0,0.0938,0.0722,0.0,RB,00-0031687,1992-04-09,,,2015.0,2025.0,31.39,2023.0,2.0,7.503203,2.947687,3.751601,0.393
2024,Raheem Mostert,MIA,85.0,278.0,3.3,2.0,2.0,13.0,70.0,,,,23.0,19.0,161.0,8.5,0.0,114.0,1.41,58.0,58.0,32.0,42.0,278.0,21.0,31.0,8.0,37.0,39.0,4.0,1.0,0.222,0.0235,0.0277,0.0,0.0,0.0,0.0,0.0067,0.0,RB,00-0031687,1992-04-09,,,2015.0,2025.0,32.4,2024.0,1.0,4.870619,4.375301,4.870619,0.898
2025,Raheim Sanders,CLE,27.0,92.0,3.4,1.0,0.0,5.0,70.0,,,,4.0,3.0,21.0,7.0,0.0,,,,,,,59.0,15.0,46.0,7.0,51.0,53.0,4.0,1.0,0.222,0.037,0.0524,0.0,0.0,0.0,0.0,0.0028,0.0,RB,00-0040466,2002-06-08,,,2025.0,2026.0,23.23,2025.0,3.0,3.204026,0.064728,1.068009,0.02
2018,Rashaad Penny,SEA,85.0,419.0,4.9,2.0,0.0,14.0,,56.0,0.66,32.9,12.0,9.0,75.0,8.3,0.0,,,,,,,181.0,13.0,47.0,7.0,52.0,54.0,1.0,0.0,0.05,0.0235,0.0188,0.0,0.0,0.0,0.0,0.0127,0.0,RB,00-0034750,1996-02-02,1.0,27.0,2018.0,2023.0,22.58,2018.0,4.0,18.298811,15.973496,4.574703,0.873
2019,Rashaad Penny,SEA,65.0,370.0,5.7,3.0,1.0,10.0,,,,,11.0,8.0,83.0,10.4,1.0,,,,,,,150.0,15.0,43.0,7.0,49.0,51.0,3.0,1.0,0.214,0.0462,0.0371,0.0,0.0,0.0,0.0909,0.0595,1.0,RB,00-0034750,1996-02-02,1.0,27.0,2018.0,2023.0,23.58,2018.0,4.0,18.298811,15.973496,4.574703,0.873
2020,Rashaad Penny,SEA,11.0,34.0,3.1,0.0,0.0,3.0,70.0,,,,0.0,0.0,0.0,0.0,0.0,,,,,,,38.0,13.0,29.0,0.0,29.0,29.0,0.0,0.0,0.0,,,0.0,0.0,0.0,,,1.0,RB,00-0034750,1996-02-02,1.0,27.0,2018.0,2023.0,24.58,2018.0,4.0,18.298811,15.973496,4.574703,0.873
2021,Rashaad Penny,SEA,119.0,749.0,6.3,6.0,0.0,10.0,68.0,217.0,1.86,39.3,8.0,6.0,48.0,8.0,0.0,,,,,,,253.0,25.0,47.0,3.0,49.0,50.0,3.0,1.0,0.176,0.0504,0.0377,0.0,0.0,0.0,0.0,0.0044,0.0,RB,00-0034750,1996-02-02,1.0,27.0,2018.0,2023.0,25.58,2018.0,4.0,18.298811,15.973496,4.574703,0.873
2022,Rashaad Penny,SEA,57.0,346.0,6.1,2.0,0.0,5.0,71.0,,,,5.0,4.0,16.0,4.0,0.0,,,,,,,170.0,34.0,34.0,3.0,36.0,36.0,0.0,0.0,0.0,0.0351,0.0222,0.0,0.0,0.0,0.0,0.0123,1.0,RB,00-0034750,1996-02-02,1.0,27.0,2018.0,2023.0,26.58,2022.0,1.0,8.318444,7.334697,8.318444,0.882
2024,Ray Davis,BUF,113.0,442.0,3.9,3.0,0.0,17.0,71.0,9.0,0.08,42.5,19.0,17.0,189.0,11.1,3.0,,,,,,,264.0,16.0,43.0,7.0,49.0,50.0,3.0,2.0,0.188,0.0265,0.0244,1.0,1.0,1.0,0.1579,0.1074,0.0,RB,00-0039875,1999-11-20,4.0,128.0,2024.0,2026.0,24.78,2024.0,4.0,5.581974,0.841082,1.395494,0.151
2025,Ray Davis,BUF,58.0,275.0,4.7,0.0,0.0,17.0,75.0,,,,13.0,10.0,86.0,8.6,2.0,,,,,,,168.0,10.0,35.0,8.0,40.0,42.0,2.0,0.0,0.095,0.0,0.0116,1.0,1.0,0.0,0.1538,0.1275,0.0,RB,00-0039875,1999-11-20,4.0,128.0,2024.0,2026.0,25.78,2024.0,4.0,5.581974,0.841082,1.395494,0.151
2018,Rex Burkhead,NE,57.0,186.0,3.3,0.0,1.0,8.0,,,,,20.0,14.0,131.0,9.4,1.0,82.0,2.15,66.0,54.0,55.0,63.0,151.0,19.0,38.0,13.0,47.0,51.0,0.0,0.0,0.0,0.0,0.0032,0.0,0.0,0.0,0.05,0.0424,0.0,RB,00-0030288,1990-07-02,6.0,190.0,2013.0,2022.0,28.17,2018.0,3.0,16.572799,9.348758,5.524266,0.564
2019,Rex Burkhead,NE,65.0,302.0,4.6,3.0,1.0,13.0,,,,,38.0,27.0,279.0,10.3,0.0,127.0,2.45,50.0,52.0,57.0,57.0,264.0,20.0,25.0,14.0,35.0,39.0,2.0,2.0,0.08,0.0462,0.0358,0.0,0.0,0.0,0.0,0.0154,0.0,RB,00-0030288,1990-07-02,6.0,190.0,2013.0,2022.0,29.17,2018.0,3.0,16.572799,9.348758,5.524266,0.564
2020,Rex Burkhead,NE,67.0,274.0,4.1,3.0,0.0,10.0,72.0,,,,33.0,25.0,192.0,7.7,3.0,,,,,,,243.0,27.0,23.0,13.0,33.0,36.0,4.0,3.0,0.4,0.0448,0.0428,0.0,0.0,0.0,0.0909,0.0642,1.0,RB,00-0030288,1990-07-02,6.0,190.0,2013.0,2022.0,30.17,2020.0,1.0,3.039354,0.835822,3.039354,0.275
2021,Rex Burkhead,HOU,122.0,427.0,3.5,3.0,0.0,15.0,65.0,-26.0,-0.22,33.3,32.0,25.0,186.0,7.4,0.0,137.0,1.36,49.0,51.0,30.0,33.0,367.0,24.0,33.0,9.0,40.0,42.0,7.0,2.0,0.875,0.0246,0.0305,0.0,0.0,0.0,0.0,0.0115,0.0,RB,00-0030288,1990-07-02,6.0,190.0,2013.0,2022.0,31.17,2021.0,1.0,2.475616,0.206301,2.475616,0.083
2022,Rex Burkhead,HOU,26.0,80.0,3.1,0.0,0.0,15.0,70.0,,,,51.0,37.0,203.0,5.5,1.0,167.0,1.22,68.0,56.0,14.0,29.0,251.0,17.0,10.0,20.0,25.0,31.0,3.0,0.0,0.214,0.0,0.0252,0.0,0.0,0.0,0.0196,0.028,0.0,RB,00-0030288,1990-07-02,6.0,190.0,2013.0,2022.0,32.17,,,,,,
2021,Rhamondre Stevenson,NE,133.0,606.0,4.6,5.0,1.0,12.0,70.0,68.0,0.51,43.9,18.0,14.0,123.0,8.8,0.0,,,,,,,265.0,22.0,50.0,7.0,55.0,57.0,6.0,4.0,0.231,0.0376,0.0344,0.0,1.0,0.0,0.0,0.017,0.0,RB,00-0036875,1998-02-23,4.0,120.0,2021.0,2026.0,23.52,2021.0,4.0,6.979687,1.236257,1.744922,0.177
2022,Rhamondre Stevenson,NE,210.0,1040.0,5.0,5.0,1.0,17.0,68.0,118.0,0.58,37.3,88.0,69.0,421.0,6.1,1.0,277.0,1.52,56.0,56.0,32.0,40.0,699.0,41.0,30.0,13.0,40.0,43.0,12.0,2.0,0.667,0.0238,0.0287,1.0,1.0,1.0,0.0111,0.0156,0.0,RB,00-0036875,1998-02-23,4.0,120.0,2021.0,2026.0,24.52,2021.0,4.0,6.979687,1.236257,1.744922,0.177
2023,Rhamondre Stevenson,NE,156.0,619.0,4.0,4.0,1.0,12.0,68.0,-18.0,-0.12,37.3,51.0,38.0,238.0,6.3,0.0,200.0,1.19,35.0,34.0,32.0,22.0,486.0,41.0,32.0,10.0,40.0,43.0,3.0,2.0,0.375,0.0256,0.0218,0.0,0.0,0.0,0.0,0.0067,0.0,RB,00-0036875,1998-02-23,4.0,120.0,2021.0,2026.0,25.52,2021.0,4.0,6.979687,1.236257,1.744922,0.177
2024,Rhamondre Stevenson,NE,207.0,801.0,3.9,7.0,3.0,15.0,67.0,35.0,0.18,41.6,41.0,33.0,168.0,5.1,1.0,236.0,0.71,32.0,61.0,31.0,33.0,599.0,40.0,35.0,7.0,40.0,41.0,12.0,5.0,0.8,0.0338,0.0338,1.0,1.0,1.0,0.0244,0.0375,0.0,RB,00-0036875,1998-02-23,4.0,120.0,2021.0,2026.0,26.52,2024.0,4.0,42.455756,20.185353,10.613939,0.475
2025,Rhamondre Stevenson,NE,130.0,603.0,4.6,7.0,3.0,14.0,72.0,176.0,1.36,45.0,37.0,32.0,345.0,10.8,2.0,315.0,1.5,65.0,99.0,53.0,87.0,533.0,38.0,24.0,7.0,30.0,31.0,10.0,3.0,0.476,0.0538,0.0485,0.0,0.0,0.0,0.0526,0.0365,0.0,RB,00-0036875,1998-02-23,4.0,120.0,2021.0,2026.0,27.52,2024.0,4.0,42.455756,20.185353,10.613939,0.475
2020,Rico Dowdle,DAL,7.0,24.0,3.4,0.0,0.0,15.0,70.0,,,,0.0,0.0,0.0,0.0,0.0,,,,,,,14.0,1.0,50.0,0.0,50.0,50.0,0.0,0.0,0.0,,,0.0,0.0,0.0,,,0.0,RB,00-0036139,1998-06-14,,,2020.0,2026.0,22.22,2020.0,3.0,3.487659,0.167164,1.162553,0.048
2021,Rico Dowdle,DAL,,,,,,,,,,,,,,,,,,,,,,,,,,,,,,,,,,,,,,1.0,RB,00-0036139,1998-06-14,,,2020.0,2026.0,23.22,2020.0,3.0,3.487659,0.167164,1.162553,0.048
2022,Rico Dowdle,DAL,0.0,0.0,0.0,0.0,0.0,2.0,73.0,,,,0.0,0.0,0.0,0.0,0.0,,,,,,,1.0,1.0,0.0,0.0,0.0,0.0,0.0,0.0,0.0,,,0.0,0.0,0.0,,,1.0,RB,00-0036139,1998-06-14,,,2020.0,2026.0,24.22,2020.0,3.0,3.487659,0.167164,1.162553,0.048
2023,Rico Dowdle,DAL,89.0,361.0,4.1,2.0,0.0,16.0,73.0,,,,22.0,17.0,144.0,8.5,2.0,,,,,,,247.0,15.0,36.0,9.0,43.0,45.0,4.0,2.0,0.174,0.0225,0.0262,0.0,0.0,0.0,0.0909,0.0599,0.0,RB,00-0036139,1998-06-14,,,2020.0,2026.0,25.22,2023.0,1.0,1.393452,0.133986,1.393452,0.096
2024,Rico Dowdle,DAL,235.0,1079.0,4.6,2.0,2.0,16.0,73.0,60.0,0.26,41.5,49.0,39.0,249.0,6.4,3.0,210.0,1.19,41.0,54.0,27.0,29.0,636.0,40.0,37.0,8.0,43.0,45.0,3.0,1.0,0.375,0.0085,0.0128,1.0,1.0,1.0,0.0612,0.0496,0.0,RB,00-0036139,1998-06-14,,,2020.0,2026.0,26.22,2024.0,1.0,1.480055,0.235865,1.480055,0.159
2025,Rico Dowdle,CAR,236.0,1076.0,4.6,6.0,1.0,17.0,70.0,146.0,0.63,43.5,50.0,39.0,297.0,7.6,1.0,239.0,1.27,48.0,82.0,43.0,58.0,591.0,35.0,40.0,8.0,47.0,48.0,8.0,6.0,0.8,0.0254,0.0242,0.0,0.0,0.0,0.02,0.0202,0.0,RB,00-0036139,1998-06-14,,,2020.0,2026.0,27.22,2025.0,1.0,2.966691,2.966691,2.966691,1.0
2018,Rod Smith,DAL,44.0,127.0,2.9,1.0,0.0,16.0,,,,,12.0,9.0,60.0,6.7,0.0,,,,,,,150.0,9.0,29.0,8.0,35.0,37.0,0.0,0.0,0.0,0.0227,0.0207,0.0,0.0,0.0,0.0,0.0095,0.0,RB,00-0031900,1992-01-10,,,2015.0,2020.0,26.64,2017.0,2.0,2.380743,0.0,1.190371,0.0
2019,Rod Smith,OAK,0.0,0.0,0.0,0.0,0.0,7.0,,,,,0.0,0.0,0.0,0.0,0.0,,,,,,,,,,,,,0.0,0.0,0.0,,,0.0,0.0,0.0,,,0.0,RB,00-0031900,1992-01-10,,,2015.0,2020.0,27.64,2019.0,1.0,1.43238,0.104028,1.43238,0.073
2020,Rod Smith,CAR,41.0,156.0,3.8,1.0,0.0,7.0,72.0,,,,11.0,9.0,59.0,6.6,0.0,,,,,,,133.0,19.0,31.0,8.0,38.0,39.0,0.0,0.0,0.0,0.0244,0.0239,0.0,0.0,0.0,0.0,0.0038,0.0,RB,00-0031900,1992-01-10,,,2015.0,2020.0,28.64,2020.0,1.0,1.382906,0.0,1.382906,0.0
2018,Ronald Jones II,TB,23.0,44.0,1.9,1.0,0.0,9.0,,,,,9.0,7.0,33.0,4.7,0.0,,,,,,,90.0,10.0,26.0,10.0,33.0,36.0,2.0,1.0,0.118,,,0.0,0.0,0.0,,,0.0,RB,00-0034816,1997-08-03,2.0,38.0,2018.0,2023.0,21.08,2018.0,4.0,12.020678,5.478746,3.00517,0.456
2019,Ronald Jones II,TB,172.0,724.0,4.2,6.0,2.0,16.0,,13.0,0.08,34.9,40.0,31.0,309.0,10.0,0.0,107.0,2.89,51.0,41.0,49.0,45.0,415.0,26.0,41.0,10.0,49.0,51.0,4.0,4.0,0.19,0.0349,0.0276,0.0,0.0,0.0,0.0,0.0057,0.0,RB,00-0034816,1997-08-03,2.0,38.0,2018.0,2023.0,22.08,2018.0,4.0,12.020678,5.478746,3.00517,0.456
2020,Ronald Jones II,TB,192.0,978.0,5.1,7.0,2.0,14.0,70.0,189.0,0.99,45.5,42.0,28.0,165.0,5.9,1.0,139.0,1.19,54.0,17.0,24.0,13.0,450.0,32.0,43.0,9.0,49.0,52.0,9.0,4.0,0.5,0.0365,0.0352,0.0,1.0,0.0,0.0238,0.0287,0.0,RB,00-0034816,1997-08-03,2.0,38.0,2018.0,2023.0,23.08,2018.0,4.0,12.020678,5.478746,3.00517,0.456
2021,Ronald Jones II,TB,101.0,428.0,4.2,4.0,2.0,15.0,70.0,-18.0,-0.18,40.0,13.0,10.0,64.0,6.4,0.0,,,,,,,218.0,15.0,46.0,6.0,51.0,52.0,5.0,1.0,0.263,0.0396,0.0351,0.0,1.0,0.0,0.0,0.0191,0.0,RB,00-0034816,1997-08-03,2.0,38.0,2018.0,2023.0,24.08,2018.0,4.0,12.020678,5.478746,3.00517,0.456
2023,Roschon Johnson,CHI,81.0,352.0,4.3,2.0,0.0,15.0,75.0,,,,40.0,34.0,209.0,6.1,0.0,158.0,1.32,69.0,73.0,20.0,43.0,395.0,26.0,21.0,10.0,29.0,31.0,6.0,2.0,0.4,0.0247,0.031,0.0,0.0,0.0,0.0,0.0112,0.0,RB,00-0039021,2001-01-31,4.0,115.0,2023.0,2026.0,22.58,2023.0,4.0,6.174986,1.029932,1.543746,0.167
2024,Roschon Johnson,CHI,55.0,150.0,2.7,6.0,0.0,13.0,73.0,,,,20.0,16.0,104.0,6.5,0.0,,,,,,,272.0,21.0,20.0,7.0,26.0,28.0,9.0,6.0,0.409,0.1091,0.0909,0.0,0.0,0.0,0.0,0.0066,0.0,RB,00-0039021,2001-01-31,4.0,115.0,2023.0,2026.0,23.58,2023.0,4.0,6.174986,1.029932,1.543746,0.167
2018,Royce Freeman,DEN,130.0,521.0,4.0,5.0,1.0,14.0,,-3.0,-0.03,42.2,20.0,14.0,72.0,5.1,0.0,,,,,,,308.0,22.0,42.0,6.0,47.0,49.0,5.0,3.0,0.385,0.0385,0.0319,0.0,0.0,0.0,0.0,0.0077,0.0,RB,00-0034838,1996-02-24,3.0,71.0,2018.0,2025.0,22.52,2018.0,4.0,6.697145,1.694709,1.674286,0.253
2019,Royce Freeman,DEN,132.0,496.0,3.8,3.0,0.0,16.0,,-125.0,-0.98,27.3,50.0,43.0,256.0,6.0,1.0,207.0,1.24,47.0,60.0,43.0,48.0,506.0,32.0,26.0,10.0,35.0,36.0,5.0,3.0,0.357,0.0227,0.0265,1.0,1.0,1.0,0.02,0.0232,0.0,RB,00-0034838,1996-02-24,3.0,71.0,2018.0,2025.0,23.52,2018.0,4.0,6.697145,1.694709,1.674286,0.253
2020,Royce Freeman,DEN,35.0,170.0,4.9,0.0,0.0,16.0,70.0,,,,13.0,12.0,81.0,6.8,0.0,,,,,,,194.0,12.0,18.0,7.0,24.0,25.0,1.0,0.0,0.083,0.0,0.0099,0.0,0.0,0.0,0.0,0.0139,0.0,RB,00-0034838,1996-02-24,3.0,71.0,2018.0,2025.0,24.52,2018.0,4.0,6.697145,1.694709,1.674286,0.253
2021,Royce Freeman,HOU,56.0,169.0,3.0,0.0,0.0,12.0,65.0,,,,16.0,10.0,77.0,7.7,0.0,,,,,,,215.0,18.0,26.0,7.0,31.0,33.0,1.0,0.0,0.125,0.0,0.0072,0.0,0.0,0.0,0.0,0.0027,0.0,RB,00-0034838,1996-02-24,3.0,71.0,2018.0,2025.0,25.52,2018.0,4.0,6.697145,1.694709,1.674286,0.253
2022,Royce Freeman,HOU,41.0,117.0,2.9,0.0,1.0,5.0,70.0,,,,8.0,6.0,33.0,5.5,0.0,,,,,,,106.0,27.0,39.0,8.0,44.0,46.0,0.0,0.0,0.0,0.0,0.0087,0.0,0.0,0.0,0.0,0.005,0.0,RB,00-0034838,1996-02-24,3.0,71.0,2018.0,2025.0,26.52,2022.0,1.0,0.518203,0.0,0.518203,0.0
2023,Royce Freeman,LAR,77.0,319.0,4.1,2.0,0.0,11.0,72.0,,,,2.0,1.0,13.0,13.0,0.0,,,,,,,207.0,23.0,37.0,1.0,38.0,38.0,5.0,1.0,0.185,0.026,0.0345,0.0,0.0,0.0,0.0,0.0015,0.0,RB,00-0034838,1996-02-24,3.0,71.0,2018.0,2025.0,27.52,2023.0,1.0,0.56475,0.0,0.56475,0.0
2020,Salvon Ahmed,MIA,75.0,319.0,4.3,3.0,0.0,6.0,69.0,,,,14.0,11.0,61.0,5.5,0.0,,,,,,,205.0,34.0,37.0,7.0,42.0,43.0,5.0,2.0,0.294,0.04,0.0419,0.0,0.0,0.0,0.0,0.0094,0.0,RB,00-0036020,1998-12-29,,,2020.0,2026.0,21.68,2020.0,1.0,0.21701,0.0,0.21701,0.0
2021,Salvon Ahmed,MIA,54.0,149.0,2.8,0.0,0.0,11.0,71.0,,,,19.0,12.0,117.0,9.8,0.0,,,,,,,165.0,15.0,33.0,12.0,40.0,44.0,0.0,0.0,0.0,0.0,0.0042,0.0,0.0,0.0,0.0,0.0094,0.0,RB,00-0036020,1998-12-29,,,2020.0,2026.0,22.67,2020.0,3.0,3.487659,0.075984,1.162553,0.022
2022,Salvon Ahmed,MIA,12.0,64.0,5.3,1.0,0.0,7.0,71.0,,,,1.0,1.0,8.0,8.0,0.0,,,,,,,35.0,6.0,34.0,3.0,37.0,37.0,0.0,0.0,0.0,,,0.0,0.0,0.0,,,0.0,RB,00-0036020,1998-12-29,,,2020.0,2026.0,23.67,2022.0,1.0,1.294784,0.0,1.294784,0.0
2023,Salvon Ahmed,MIA,22.0,61.0,2.8,1.0,0.0,8.0,71.0,,,,23.0,16.0,88.0,5.5,1.0,,,,,,,131.0,19.0,17.0,18.0,29.0,34.0,1.0,0.0,0.037,,,0.0,0.0,0.0,,,1.0,RB,00-0036020,1998-12-29,,,2020.0,2026.0,24.67,2023.0,1.0,1.942794,0.401957,1.942794,0.207
2018,Samaje Perine,WAS,8.0,32.0,4.0,0.0,0.0,5.0,,,,,4.0,3.0,5.0,1.7,0.0,,,,,,,30.0,6.0,27.0,13.0,37.0,40.0,0.0,0.0,0.0,,,0.0,0.0,0.0,,,0.0,RB,00-0033526,1995-09-16,4.0,114.0,2017.0,2026.0,22.96,2017.0,4.0,5.518612,1.189989,1.379653,0.216
2019,Samaje Perine,MIA,5.0,16.0,3.2,0.0,0.0,7.0,,,,,0.0,0.0,0.0,0.0,0.0,,,,,,,11.0,2.0,45.0,0.0,45.0,45.0,0.0,0.0,0.0,,,0.0,0.0,0.0,,,0.0,RB,00-0033526,1995-09-16,4.0,114.0,2017.0,2026.0,23.96,2019.0,2.0,2.208587,0.0,1.104293,0.0
2020,Samaje Perine,CIN,63.0,301.0,4.8,3.0,0.0,16.0,71.0,,,,12.0,11.0,66.0,6.0,0.0,,,,,,,206.0,13.0,31.0,6.0,36.0,36.0,4.0,2.0,0.267,0.0476,0.0436,0.0,0.0,0.0,0.0,0.0215,0.0,RB,00-0033526,1995-09-16,4.0,114.0,2017.0,2026.0,24.96,2019.0,2.0,2.208587,0.0,1.104293,0.0
2021,Samaje Perine,CIN,55.0,246.0,4.5,1.0,0.0,15.0,71.0,,,,31.0,27.0,196.0,7.3,1.0,153.0,1.59,73.0,47.0,47.0,55.0,276.0,18.0,20.0,11.0,30.0,31.0,0.0,0.0,0.0,0.0182,0.0123,1.0,1.0,1.0,0.0323,0.0326,0.0,RB,00-0033526,1995-09-16,4.0,114.0,2017.0,2026.0,25.96,2021.0,2.0,5.446356,1.155288,2.723178,0.212
2022,Samaje Perine,CIN,95.0,394.0,4.1,2.0,0.0,16.0,72.0,-21.0,-0.22,43.6,51.0,38.0,287.0,7.6,4.0,270.0,1.19,52.0,63.0,49.0,56.0,448.0,28.0,21.0,11.0,30.0,33.0,1.0,0.0,0.059,0.0211,0.0206,0.0,1.0,0.0,0.0769,0.0542,0.0,RB,00-0033526,1995-09-16,4.0,114.0,2017.0,2026.0,26.96,2021.0,2.0,5.446356,1.155288,2.723178,0.212
2023,Samaje Perine,DEN,53.0,238.0,4.5,1.0,2.0,17.0,74.0,,,,56.0,50.0,455.0,9.1,0.0,197.0,2.31,66.0,83.0,68.0,87.0,360.0,21.0,15.0,16.0,29.0,30.0,2.0,1.0,0.182,0.0189,0.0291,0.0,0.0,0.0,0.0,0.0067,0.0,RB,00-0033526,1995-09-16,4.0,114.0,2017.0,2026.0,27.96,2023.0,2.0,10.048932,4.019573,5.024466,0.4
2024,Samaje Perine,KC,20.0,92.0,4.6,1.0,0.0,17.0,73.0,,,,35.0,28.0,322.0,11.5,1.0,204.0,1.66,50.0,36.0,50.0,43.0,296.0,17.0,7.0,12.0,16.0,19.0,1.0,1.0,0.04,,,0.0,1.0,0.0,,,0.0,RB,00-0033526,1995-09-16,4.0,114.0,2017.0,2026.0,28.96,2024.0,1.0,1.76899,0.342005,1.76899,0.193
2025,Samaje Perine,CIN,84.0,382.0,4.5,3.0,2.0,15.0,72.0,,,,21.0,17.0,87.0,5.1,0.0,,,,,,,346.0,23.0,24.0,6.0,29.0,30.0,4.0,2.0,0.25,0.0357,0.0336,0.0,0.0,0.0,0.0,0.0072,0.0,RB,00-0033526,1995-09-16,4.0,114.0,2017.0,2026.0,29.96,2025.0,2.0,3.883668,0.431519,1.941834,0.111
2018,Saquon Barkley,NYG,261.0,1307.0,5.0,11.0,0.0,16.0,,395.0,1.54,39.7,121.0,91.0,721.0,7.9,4.0,,,,,,,853.0,53.0,31.0,14.0,41.0,45.0,16.0,5.0,0.941,0.0421,0.0411,0.0,1.0,0.0,0.0331,0.0298,0.0,RB,00-0034844,1997-02-09,1.0,2.0,2018.0,2026.0,21.56,2018.0,4.0,53.024033,53.024033,13.256009,1.0
2019,Saquon Barkley,NYG,217.0,1003.0,4.6,6.0,0.0,13.0,,106.0,0.49,36.0,73.0,52.0,438.0,8.4,2.0,,,,,,,729.0,56.0,30.0,10.0,37.0,40.0,8.0,1.0,0.571,0.0276,0.027,1.0,2.0,1.0,0.0274,0.0289,0.0,RB,00-0034844,1997-02-09,1.0,2.0,2018.0,2026.0,22.56,2018.0,4.0,53.024033,53.024033,13.256009,1.0
2020,Saquon Barkley,NYG,19.0,34.0,1.8,0.0,0.0,2.0,70.0,,,,9.0,6.0,60.0,10.0,0.0,,,,,,,67.0,34.0,28.0,13.0,37.0,42.0,1.0,0.0,0.059,,,0.0,0.0,0.0,,,1.0,RB,00-0034844,1997-02-09,1.0,2.0,2018.0,2026.0,23.56,2018.0,4.0,53.024033,53.024033,13.256009,1.0
2021,Saquon Barkley,NYG,162.0,593.0,3.7,2.0,1.0,14.0,71.0,-45.0,-0.28,32.3,57.0,41.0,263.0,6.4,2.0,187.0,1.41,57.0,35.0,41.0,38.0,513.0,39.0,32.0,11.0,40.0,43.0,3.0,1.0,0.333,0.0123,0.0137,0.0,0.0,0.0,0.0351,0.0246,0.0,RB,00-0034844,1997-02-09,1.0,2.0,2018.0,2026.0,24.56,2018.0,4.0,53.024033,53.024033,13.256009,1.0
2022,Saquon Barkley,NYG,295.0,1312.0,4.4,10.0,0.0,16.0,70.0,115.0,0.4,33.8,76.0,57.0,338.0,5.9,0.0,385.0,1.08,34.0,54.0,52.0,49.0,856.0,54.0,34.0,9.0,41.0,43.0,15.0,7.0,0.882,0.0339,0.0316,0.0,0.0,0.0,0.0,0.0046,0.0,RB,00-0034844,1997-02-09,1.0,2.0,2018.0,2026.0,25.56,,,,,,
2023,Saquon Barkley,NYG,247.0,962.0,3.9,6.0,2.0,14.0,71.0,93.0,0.39,37.1,60.0,41.0,280.0,6.8,4.0,266.0,1.05,53.0,61.0,24.0,34.0,717.0,51.0,34.0,8.0,40.0,43.0,6.0,3.0,1.0,0.0243,0.024,1.0,1.0,1.0,0.0667,0.0465,0.0,RB,00-0034844,1997-02-09,1.0,2.0,2018.0,2026.0,26.56,2023.0,1.0,13.520504,13.520504,13.520504,1.0
2024,Saquon Barkley,PHI,345.0,2005.0,5.8,13.0,1.0,16.0,72.0,546.0,1.61,44.0,43.0,33.0,278.0,8.4,2.0,315.0,1.12,42.0,80.0,48.0,60.0,801.0,50.0,43.0,5.0,47.0,48.0,17.0,4.0,0.85,0.0377,0.0339,1.0,1.0,0.0,0.0465,0.0433,0.0,RB,00-0034844,1997-02-09,1.0,2.0,2018.0,2026.0,27.56,2024.0,3.0,44.519577,30.66249,14.839859,0.689
2025,Saquon Barkley,PHI,280.0,1140.0,4.1,7.0,1.0,16.0,71.0,76.0,0.28,38.2,50.0,37.0,273.0,7.4,2.0,301.0,0.99,64.0,64.0,39.0,53.0,773.0,48.0,36.0,6.0,41.0,43.0,14.0,1.0,0.778,0.025,0.0271,0.0,1.0,0.0,0.04,0.0371,0.0,RB,00-0034844,1997-02-09,1.0,2.0,2018.0,2026.0,28.56,2025.0,2.0,44.446418,38.836676,22.223209,0.874
2023,Sean Tucker,TB,15.0,23.0,1.5,0.0,0.0,5.0,72.0,,,,2.0,2.0,9.0,4.5,0.0,,,,,,,32.0,8.0,47.0,6.0,53.0,53.0,0.0,0.0,0.0,,,0.0,0.0,0.0,,,0.0,RB,00-0038951,2001-10-25,,,2023.0,2026.0,21.85,2023.0,3.0,3.617616,0.207678,1.205872,0.057
2024,Sean Tucker,TB,50.0,308.0,6.2,2.0,0.0,17.0,73.0,,,,12.0,9.0,109.0,12.1,1.0,,,,,,,112.0,9.0,45.0,11.0,53.0,55.0,3.0,2.0,0.125,0.04,0.0357,0.0,0.0,0.0,0.0833,0.0446,0.0,RB,00-0038951,2001-10-25,,,2023.0,2026.0,22.85,2023.0,3.0,3.617616,0.207678,1.205872,0.057
2025,Sean Tucker,TB,86.0,320.0,3.7,7.0,0.0,17.0,70.0,,,,11.0,8.0,34.0,4.3,1.0,,,,,,,177.0,12.0,49.0,6.0,53.0,55.0,11.0,4.0,0.579,0.0814,0.0705,0.0,1.0,0.0,0.0909,0.0804,0.0,RB,00-0038951,2001-10-25,,,2023.0,2026.0,23.85,2023.0,3.0,3.617616,0.207678,1.205872,0.057
2018,Sony Michel,NE,209.0,931.0,4.5,6.0,1.0,13.0,,-60.0,-0.3,35.8,11.0,7.0,50.0,7.1,0.0,,,,,,,321.0,25.0,65.0,3.0,67.0,69.0,13.0,4.0,0.419,0.0287,0.0342,0.0,0.0,0.0,0.0,0.0068,0.0,RB,00-0034845,1995-02-17,1.0,31.0,2018.0,2022.0,23.54,2018.0,4.0,16.363207,14.260613,4.090803,0.872
2019,Sony Michel,NE,247.0,912.0,3.7,7.0,1.0,16.0,,-69.0,-0.28,34.8,20.0,12.0,94.0,7.8,0.0,,,,,,,420.0,26.0,59.0,5.0,62.0,64.0,13.0,5.0,0.52,0.0283,0.0321,0.0,1.0,0.0,0.0,0.0253,0.0,RB,00-0034845,1995-02-17,1.0,31.0,2018.0,2022.0,24.54,2018.0,4.0,16.363207,14.260613,4.090803,0.872
2020,Sony Michel,NE,79.0,449.0,5.7,1.0,0.0,9.0,72.0,,,,9.0,7.0,114.0,16.3,1.0,,,,,,,181.0,20.0,44.0,5.0,48.0,49.0,2.0,1.0,0.2,0.0127,0.0171,0.0,0.0,0.0,0.1111,0.0573,0.0,RB,00-0034845,1995-02-17,1.0,31.0,2018.0,2022.0,25.54,2018.0,4.0,16.363207,14.260613,4.090803,0.872
2021,Sony Michel,LAR,208.0,845.0,4.1,4.0,1.0,17.0,71.0,-54.0,-0.26,33.3,33.0,21.0,128.0,6.1,1.0,222.0,0.54,50.0,41.0,46.0,42.0,538.0,32.0,39.0,6.0,43.0,45.0,7.0,4.0,0.438,0.0192,0.025,1.0,1.0,1.0,0.0303,0.0281,0.0,RB,00-0034845,1995-02-17,1.0,31.0,2018.0,2022.0,26.54,2018.0,4.0,16.363207,14.260613,4.090803,0.872
2022,Sony Michel,LAC,36.0,106.0,2.9,0.0,0.0,10.0,70.0,,,,13.0,9.0,53.0,5.9,0.0,,,,,,,125.0,13.0,29.0,10.0,36.0,39.0,2.0,0.0,0.118,0.0,0.0161,0.0,0.0,0.0,0.0,0.0013,0.0,RB,00-0034845,1995-02-17,1.0,31.0,2018.0,2022.0,27.54,2022.0,1.0,1.49732,0.0,1.49732,0.0
2023,Tank Bigsby,JAC,50.0,132.0,2.6,2.0,2.0,16.0,70.0,,,,4.0,1.0,6.0,6.0,0.0,,,,,,,141.0,9.0,35.0,3.0,36.0,38.0,3.0,2.0,0.214,0.04,0.038,0.0,0.0,0.0,0.0,0.0117,0.0,RB,00-0038555,2002-08-30,3.0,88.0,2023.0,2026.0,21.0,2023.0,4.0,7.225742,1.23551,1.806436,0.171
2024,Tank Bigsby,JAC,168.0,766.0,4.6,7.0,1.0,16.0,70.0,124.0,0.74,38.9,12.0,7.0,54.0,7.7,0.0,,,,,,,351.0,23.0,48.0,3.0,50.0,51.0,8.0,3.0,0.571,0.0417,0.04,0.0,0.0,0.0,0.0,0.0035,0.0,RB,00-0038555,2002-08-30,3.0,88.0,2023.0,2026.0,22.01,2023.0,4.0,7.225742,1.23551,1.806436,0.171
2025,Tank Bigsby,PHI,63.0,356.0,5.7,2.0,0.0,16.0,71.0,,,,4.0,3.0,32.0,10.7,0.0,,,,,,,139.0,12.0,45.0,3.0,47.0,48.0,4.0,0.0,0.222,0.0317,0.0408,0.0,0.0,0.0,0.0,0.0152,0.0,RB,00-0038555,2002-08-30,3.0,88.0,2023.0,2026.0,23.01,2023.0,4.0,7.225742,1.23551,1.806436,0.171
2018,Tarik Cohen,CHI,99.0,444.0,4.5,3.0,3.0,16.0,,-41.0,-0.43,36.8,91.0,71.0,725.0,10.2,5.0,270.0,2.79,48.0,86.0,55.0,71.0,494.0,31.0,20.0,18.0,35.0,39.0,1.0,1.0,0.083,0.0303,0.0241,0.0,1.0,0.0,0.0549,0.0452,0.0,RB,00-0033556,1995-07-26,4.0,119.0,2017.0,2023.0,23.1,,,,,,
2019,Tarik Cohen,CHI,64.0,213.0,3.3,0.0,0.0,16.0,,,,,104.0,79.0,456.0,5.8,3.0,291.0,1.57,41.0,30.0,43.0,31.0,533.0,33.0,12.0,20.0,27.0,32.0,1.0,0.0,0.056,0.0,0.0088,0.0,0.0,0.0,0.0288,0.0251,0.0,RB,00-0033556,1995-07-26,4.0,119.0,2017.0,2023.0,24.1,,,,,,
2018,Tevin Coleman,ATL,167.0,800.0,4.8,4.0,0.0,16.0,,-25.0,-0.15,32.3,44.0,32.0,276.0,8.6,5.0,206.0,1.34,51.0,53.0,74.0,72.0,581.0,36.0,29.0,8.0,34.0,36.0,6.0,0.0,0.462,0.024,0.0233,2.0,2.0,2.0,0.1136,0.0824,0.0,RB,00-0032058,1993-04-16,3.0,73.0,2015.0,2022.0,25.38,2015.0,4.0,6.767692,1.566635,1.691923,0.231
2019,Tevin Coleman,SF,137.0,544.0,4.0,6.0,0.0,14.0,,-1.0,-0.01,34.6,30.0,21.0,180.0,8.6,1.0,125.0,1.46,44.0,45.0,53.0,48.0,381.0,27.0,36.0,8.0,41.0,44.0,9.0,3.0,0.45,0.0438,0.0418,0.0,2.0,0.0,0.0333,0.049,0.0,RB,00-0032058,1993-04-16,3.0,73.0,2015.0,2022.0,26.38,2019.0,2.0,13.603613,5.201382,6.801807,0.382
2020,Tevin Coleman,SF,28.0,53.0,1.9,0.0,0.0,8.0,69.0,,,,5.0,4.0,34.0,8.5,0.0,,,,,,,63.0,8.0,44.0,8.0,51.0,52.0,1.0,0.0,0.042,0.0,0.0122,0.0,0.0,0.0,0.0,0.0128,0.0,RB,00-0032058,1993-04-16,3.0,73.0,2015.0,2022.0,27.38,2019.0,2.0,13.603613,5.201382,6.801807,0.382
2021,Tevin Coleman,NYJ,84.0,356.0,4.2,0.0,0.0,11.0,68.0,,,,16.0,11.0,49.0,4.5,0.0,,,,,,,180.0,16.0,47.0,9.0,53.0,56.0,6.0,0.0,0.261,0.0,0.0195,0.0,0.0,0.0,0.0,0.0302,0.0,RB,00-0032058,1993-04-16,3.0,73.0,2015.0,2022.0,28.38,2021.0,1.0,1.815452,0.660164,1.815452,0.364
2018,Todd Gurley II,LAR,256.0,1251.0,4.9,17.0,1.0,14.0,,-23.0,-0.09,38.0,81.0,59.0,580.0,9.8,4.0,356.0,1.64,45.0,25.0,66.0,49.0,826.0,59.0,31.0,10.0,38.0,41.0,22.0,11.0,0.917,0.0664,0.0581,0.0,2.0,0.0,0.0494,0.0501,0.0,RB,00-0032241,1994-08-03,1.0,10.0,2015.0,2020.0,24.08,2018.0,4.0,97.73702,37.310045,24.434255,0.382
2019,Todd Gurley II,LAR,223.0,857.0,3.8,12.0,2.0,15.0,,-193.0,-0.87,32.4,49.0,31.0,207.0,6.7,2.0,286.0,0.72,36.0,31.0,50.0,36.0,786.0,52.0,28.0,6.0,32.0,35.0,14.0,8.0,0.609,0.0538,0.0488,1.0,1.0,1.0,0.0408,0.0322,0.0,RB,00-0032241,1994-08-03,1.0,10.0,2015.0,2020.0,25.08,2018.0,4.0,97.73702,37.310045,24.434255,0.382
2020,Todd Gurley II,ATL,195.0,678.0,3.5,9.0,0.0,15.0,69.0,-103.0,-0.54,33.5,35.0,25.0,164.0,6.6,0.0,162.0,1.01,51.0,53.0,34.0,38.0,507.0,34.0,38.0,7.0,43.0,45.0,13.0,6.0,0.813,0.0462,0.0488,0.0,0.0,0.0,0.0,0.0039,0.0,RB,00-0032241,1994-08-03,1.0,10.0,2015.0,2020.0,26.08,2020.0,1.0,8.358224,8.358224,8.358224,1.0
2020,Tony Jones Jr.,NO,3.0,13.0,4.3,0.0,0.0,1.0,72.0,,,,0.0,0.0,0.0,0.0,0.0,,,,,,,5.0,5.0,60.0,0.0,60.0,60.0,0.0,0.0,0.0,,,0.0,0.0,0.0,,,0.0,RB,00-0035860,1997-11-24,,,2020.0,2024.0,22.77,2020.0,3.0,3.487659,0.075984,1.162553,0.022
2021,Tony Jones Jr.,NO,54.0,142.0,2.6,0.0,0.0,10.0,69.0,,,,8.0,5.0,29.0,5.8,0.0,,,,,,,132.0,13.0,41.0,6.0,45.0,47.0,1.0,0.0,0.059,0.0,0.0074,0.0,0.0,0.0,0.0,0.0201,0.0,RB,00-0035860,1997-11-24,,,2020.0,2024.0,23.77,2021.0,2.0,2.45086,0.0,1.22543,0.0
2022,Tony Jones Jr.,SEA,10.0,24.0,2.4,0.0,0.0,3.0,71.0,,,,8.0,5.0,30.0,6.0,0.0,,,,,,,62.0,21.0,16.0,13.0,24.0,29.0,0.0,0.0,0.0,,,0.0,0.0,0.0,,,0.0,RB,00-0035860,1997-11-24,,,2020.0,2024.0,24.77,2022.0,1.0,0.299464,0.0,0.299464,0.0
2023,Tony Jones Jr.,ARI,26.0,95.0,3.7,2.0,0.0,6.0,72.0,,,,10.0,7.0,37.0,5.3,0.0,,,,,,,121.0,20.0,21.0,8.0,27.0,30.0,2.0,2.0,0.133,0.0769,0.0616,0.0,1.0,0.0,0.0,0.0278,0.0,RB,00-0035860,1997-11-24,,,2020.0,2024.0,25.77,2023.0,1.0,0.5151,0.0,0.5151,0.0
2019,Tony Pollard,DAL,86.0,455.0,5.3,2.0,1.0,15.0,,89.0,1.09,52.4,20.0,15.0,107.0,7.1,1.0,,,,,,,199.0,13.0,43.0,10.0,51.0,53.0,0.0,0.0,0.0,0.0233,0.0146,0.0,0.0,0.0,0.05,0.0459,0.0,RB,00-0035261,1997-04-30,4.0,128.0,2019.0,2026.0,22.34,2019.0,4.0,5.105881,1.07281,1.27647,0.21
2020,Tony Pollard,DAL,101.0,435.0,4.3,4.0,0.0,16.0,70.0,13.0,0.13,31.3,40.0,28.0,193.0,6.9,1.0,133.0,1.45,57.0,37.0,72.0,65.0,364.0,23.0,28.0,11.0,35.0,39.0,3.0,2.0,0.107,0.0396,0.0307,0.0,0.0,0.0,0.025,0.0307,0.0,RB,00-0035261,1997-04-30,4.0,128.0,2019.0,2026.0,23.34,2019.0,4.0,5.105881,1.07281,1.27647,0.21
2021,Tony Pollard,DAL,130.0,719.0,5.5,2.0,0.0,15.0,73.0,103.0,0.81,41.3,46.0,39.0,337.0,8.6,0.0,130.0,2.68,72.0,53.0,66.0,73.0,374.0,25.0,35.0,12.0,45.0,47.0,2.0,1.0,0.125,0.0154,0.0157,0.0,0.0,0.0,0.0,0.0109,0.0,RB,00-0035261,1997-04-30,4.0,128.0,2019.0,2026.0,24.34,2019.0,4.0,5.105881,1.07281,1.27647,0.21
2022,Tony Pollard,DAL,193.0,1007.0,5.2,9.0,0.0,16.0,73.0,226.0,1.17,40.9,55.0,39.0,371.0,9.5,3.0,231.0,1.71,38.0,64.0,44.0,47.0,569.0,36.0,34.0,10.0,41.0,44.0,7.0,2.0,0.269,0.0466,0.0354,0.0,0.0,0.0,0.0545,0.0439,0.0,RB,00-0035261,1997-04-30,4.0,128.0,2019.0,2026.0,25.34,2019.0,4.0,5.105881,1.07281,1.27647,0.21
2023,Tony Pollard,DAL,252.0,1005.0,4.0,6.0,1.0,17.0,73.0,-34.0,-0.14,36.5,67.0,55.0,311.0,5.7,0.0,375.0,0.91,32.0,74.0,32.0,40.0,836.0,49.0,30.0,8.0,37.0,38.0,16.0,2.0,0.696,0.0237,0.0325,0.0,0.0,0.0,0.0,0.0151,0.0,RB,00-0035261,1997-04-30,4.0,128.0,2019.0,2026.0,26.34,2023.0,1.0,13.520504,13.520504,13.520504,1.0
2024,Tony Pollard,TEN,260.0,1079.0,4.2,5.0,2.0,16.0,71.0,12.0,0.05,38.2,57.0,41.0,238.0,5.8,0.0,242.0,0.98,47.0,43.0,18.0,18.0,701.0,44.0,37.0,8.0,43.0,45.0,5.0,2.0,0.5,0.0192,0.0185,0.0,0.0,0.0,0.0,0.0057,0.0,RB,00-0035261,1997-04-30,4.0,128.0,2019.0,2026.0,27.34,2024.0,3.0,25.650352,12.371135,8.550117,0.482
2025,Tony Pollard,TEN,242.0,1082.0,4.5,5.0,3.0,17.0,70.0,113.0,0.47,40.2,41.0,33.0,206.0,6.2,0.0,243.0,0.85,68.0,73.0,19.0,41.0,657.0,39.0,37.0,6.0,42.0,43.0,4.0,2.0,0.5,0.0207,0.018,0.0,0.0,0.0,0.0,0.0044,0.0,RB,00-0035261,1997-04-30,4.0,128.0,2019.0,2026.0,28.34,2024.0,3.0,25.650352,12.371135,8.550117,0.482
2022,Travis Etienne Jr.,JAC,220.0,1125.0,5.1,5.0,2.0,17.0,70.0,231.0,1.06,47.0,45.0,35.0,316.0,9.0,0.0,284.0,1.22,46.0,54.0,38.0,40.0,669.0,39.0,33.0,7.0,38.0,40.0,13.0,3.0,0.765,0.0227,0.0296,0.0,1.0,0.0,0.0,0.0153,0.0,RB,00-0036973,1999-01-26,1.0,25.0,2021.0,2026.0,23.6,2021.0,4.0,21.287185,21.287185,5.321796,1.0
2023,Travis Etienne Jr.,JAC,267.0,1008.0,3.8,11.0,0.0,17.0,70.0,-77.0,-0.29,36.6,73.0,58.0,476.0,8.2,1.0,298.0,1.6,44.0,58.0,37.0,41.0,856.0,50.0,31.0,9.0,38.0,40.0,11.0,5.0,0.786,0.0412,0.0335,0.0,0.0,0.0,0.0137,0.0115,0.0,RB,00-0036973,1999-01-26,1.0,25.0,2021.0,2026.0,24.6,2021.0,4.0,21.287185,21.287185,5.321796,1.0
2024,Travis Etienne Jr.,JAC,150.0,558.0,3.7,2.0,1.0,15.0,70.0,-43.0,-0.29,30.4,52.0,39.0,254.0,6.5,0.0,204.0,1.25,57.0,40.0,25.0,27.0,494.0,33.0,30.0,11.0,38.0,41.0,5.0,2.0,0.357,0.0133,0.0179,0.0,0.0,0.0,0.0,0.0108,0.0,RB,00-0036973,1999-01-26,1.0,25.0,2021.0,2026.0,25.6,2021.0,4.0,21.287185,21.287185,5.321796,1.0
2025,Travis Etienne Jr.,JAC,260.0,1107.0,4.3,7.0,0.0,17.0,73.0,44.0,0.17,37.8,52.0,36.0,292.0,8.1,6.0,228.0,1.5,73.0,70.0,48.0,66.0,691.0,41.0,38.0,8.0,43.0,45.0,11.0,2.0,0.611,0.0269,0.0292,0.0,1.0,0.0,0.1154,0.0828,0.0,RB,00-0036973,1999-01-26,1.0,25.0,2021.0,2026.0,26.6,,,,,,
2019,Travis Homer,SEA,18.0,114.0,6.3,0.0,0.0,16.0,,,,,13.0,11.0,56.0,5.1,0.0,,,,,,,84.0,5.0,21.0,15.0,35.0,37.0,0.0,0.0,0.0,,,0.0,0.0,0.0,,,0.0,RB,00-0035594,1998-08-07,6.0,204.0,2019.0,2026.0,21.07,2019.0,4.0,4.262508,0.229437,1.065627,0.054
2020,Travis Homer,SEA,25.0,88.0,3.5,0.0,0.0,9.0,70.0,,,,10.0,9.0,90.0,10.0,1.0,,,,,,,138.0,15.0,18.0,7.0,25.0,25.0,2.0,0.0,0.1,,,1.0,1.0,1.0,,,0.0,RB,00-0035594,1998-08-07,6.0,204.0,2019.0,2026.0,22.07,2019.0,4.0,4.262508,0.229437,1.065627,0.054
2021,Travis Homer,SEA,21.0,177.0,8.4,1.0,0.0,14.0,68.0,,,,20.0,16.0,161.0,10.1,0.0,,,,,,,181.0,13.0,12.0,11.0,20.0,23.0,1.0,0.0,0.059,,,0.0,0.0,0.0,,,0.0,RB,00-0035594,1998-08-07,6.0,204.0,2019.0,2026.0,23.07,2019.0,4.0,4.262508,0.229437,1.065627,0.054
2022,Travis Homer,SEA,19.0,74.0,3.9,0.0,1.0,12.0,71.0,,,,18.0,16.0,157.0,9.8,1.0,,,,,,,165.0,17.0,12.0,11.0,21.0,22.0,0.0,0.0,0.0,,,0.0,0.0,0.0,,,0.0,RB,00-0035594,1998-08-07,6.0,204.0,2019.0,2026.0,24.07,2019.0,4.0,4.262508,0.229437,1.065627,0.054
2025,TreVeyon Henderson,NE,180.0,911.0,5.1,9.0,1.0,17.0,72.0,149.0,0.85,39.8,42.0,35.0,221.0,6.3,1.0,246.0,1.03,78.0,68.0,25.0,48.0,501.0,29.0,36.0,8.0,43.0,44.0,6.0,1.0,0.286,0.05,0.0407,1.0,1.0,0.0,0.0238,0.0296,0.0,RB,00-0040734,2002-10-22,2.0,38.0,2025.0,2026.0,22.86,2025.0,4.0,12.021311,12.021311,3.005328,1.0
2024,Trey Benson,ARI,63.0,291.0,4.6,1.0,0.0,13.0,72.0,,,,6.0,6.0,59.0,9.8,0.0,,,,,,,137.0,11.0,46.0,4.0,50.0,50.0,1.0,1.0,0.071,0.0159,0.014,0.0,0.0,0.0,0.0,0.0035,0.0,RB,00-0039921,2002-07-23,3.0,66.0,2024.0,2026.0,22.11,2024.0,4.0,7.146254,1.447015,1.786564,0.202
2025,Trey Benson,ARI,29.0,160.0,5.5,0.0,0.0,5.0,71.0,,,,16.0,13.0,64.0,4.9,0.0,,,,,,,123.0,31.0,24.0,13.0,34.0,37.0,1.0,0.0,0.071,0.0,0.0121,0.0,0.0,0.0,0.0,0.0131,1.0,RB,00-0039921,2002-07-23,3.0,66.0,2024.0,2026.0,23.11,2024.0,4.0,7.146254,1.447015,1.786564,0.202
2021,Trey Sermon,SF,41.0,167.0,4.1,1.0,0.0,6.0,70.0,,,,4.0,3.0,26.0,8.7,0.0,,,,,,,107.0,18.0,38.0,4.0,41.0,42.0,1.0,1.0,0.077,0.0244,0.0191,0.0,0.0,0.0,0.0,0.0079,1.0,RB,00-0036984,1999-01-30,3.0,88.0,2021.0,2026.0,22.59,2021.0,4.0,8.042344,1.491892,2.010587,0.186
2022,Trey Sermon,PHI,2.0,19.0,9.5,0.0,0.0,1.0,75.0,,,,0.0,0.0,0.0,0.0,0.0,,,,,,,5.0,5.0,40.0,0.0,40.0,40.0,0.0,0.0,0.0,,,0.0,0.0,0.0,,,0.0,RB,00-0036984,1999-01-30,3.0,88.0,2021.0,2026.0,23.59,2021.0,4.0,8.042344,1.491892,2.010587,0.186
2023,Trey Sermon,IND,35.0,160.0,4.6,0.0,0.0,8.0,74.0,,,,6.0,3.0,13.0,4.3,0.0,,,,,,,100.0,13.0,35.0,6.0,38.0,41.0,0.0,0.0,0.0,0.0,0.0041,0.0,0.0,0.0,0.0,0.002,0.0,RB,00-0036984,1999-01-30,3.0,88.0,2021.0,2026.0,24.59,2023.0,1.0,0.289409,0.0,0.289409,0.0
2024,Trey Sermon,IND,56.0,159.0,2.8,2.0,0.0,15.0,74.0,,,,19.0,16.0,99.0,6.2,0.0,,,,,,,241.0,16.0,23.0,8.0,30.0,31.0,7.0,2.0,0.269,0.0357,0.0471,0.0,0.0,0.0,0.0,0.0102,0.0,RB,00-0036984,1999-01-30,3.0,88.0,2021.0,2026.0,25.59,2024.0,1.0,1.24419,0.0,1.24419,0.0
2022,Ty Chandler,MIN,6.0,20.0,3.3,0.0,0.0,2.0,71.0,,,,0.0,0.0,0.0,0.0,0.0,,,,,,,12.0,12.0,50.0,0.0,50.0,50.0,0.0,0.0,0.0,,,0.0,0.0,0.0,,,0.0,RB,00-0037276,1998-05-12,5.0,169.0,2022.0,2026.0,24.31,2022.0,4.0,5.727204,0.432333,1.431801,0.075
2023,Ty Chandler,MIN,102.0,461.0,4.5,3.0,0.0,16.0,72.0,-14.0,-0.14,41.4,25.0,21.0,159.0,7.6,0.0,,,,,,,307.0,24.0,33.0,8.0,40.0,41.0,3.0,3.0,0.25,0.0294,0.0245,0.0,0.0,0.0,0.0,0.0141,0.0,RB,00-0037276,1998-05-12,5.0,169.0,2022.0,2026.0,25.31,2022.0,4.0,5.727204,0.432333,1.431801,0.075
2024,Ty Chandler,MIN,56.0,182.0,3.3,0.0,0.0,15.0,72.0,,,,6.0,6.0,42.0,7.0,0.0,,,,,,,153.0,13.0,37.0,4.0,41.0,41.0,0.0,0.0,0.0,0.0,0.0054,0.0,0.0,0.0,0.0,0.0128,0.0,RB,00-0037276,1998-05-12,5.0,169.0,2022.0,2026.0,26.31,2022.0,4.0,5.727204,0.432333,1.431801,0.075
2019,Ty Johnson,DET,63.0,273.0,4.3,0.0,1.0,16.0,,,,,31.0,24.0,109.0,4.5,0.0,156.0,0.7,44.0,47.0,12.0,15.0,312.0,20.0,20.0,10.0,28.0,30.0,1.0,0.0,0.067,0.0,0.01,0.0,0.0,0.0,0.0,0.0091,0.0,RB,00-0035537,1997-09-17,6.0,186.0,2019.0,2026.0,21.95,2019.0,4.0,4.309234,0.276163,1.077309,0.064
2020,Ty Johnson,NYJ,54.0,254.0,4.7,1.0,0.0,13.0,67.0,,,,21.0,16.0,99.0,6.2,1.0,,,,,,,174.0,13.0,31.0,12.0,40.0,43.0,4.0,1.0,0.133,0.0185,0.0286,0.0,0.0,0.0,0.0476,0.0295,0.0,RB,00-0035537,1997-09-17,6.0,186.0,2019.0,2026.0,22.96,2019.0,4.0,4.309234,0.276163,1.077309,0.064
2021,Ty Johnson,NYJ,61.0,238.0,3.9,2.0,1.0,15.0,68.0,,,,55.0,34.0,372.0,10.9,2.0,216.0,1.72,55.0,16.0,96.0,74.0,408.0,27.0,15.0,13.0,23.0,28.0,6.0,2.0,0.261,0.0328,0.0417,0.0,0.0,0.0,0.0364,0.0256,0.0,RB,00-0035537,1997-09-17,6.0,186.0,2019.0,2026.0,23.96,2019.0,4.0,4.309234,0.276163,1.077309,0.064
2022,Ty Johnson,NYJ,30.0,160.0,5.3,1.0,0.0,12.0,69.0,,,,24.0,12.0,88.0,7.3,0.0,94.0,0.94,66.0,22.0,47.0,40.0,172.0,17.0,17.0,14.0,24.0,31.0,0.0,0.0,0.0,0.0333,0.0212,0.0,0.0,0.0,0.0,0.0028,0.0,RB,00-0035537,1997-09-17,6.0,186.0,2019.0,2026.0,24.96,2019.0,4.0,4.309234,0.276163,1.077309,0.064
2023,Ty Johnson,BUF,30.0,132.0,4.4,0.0,0.0,9.0,71.0,,,,7.0,7.0,62.0,8.9,1.0,,,,,,,91.0,11.0,33.0,8.0,41.0,41.0,0.0,0.0,0.0,0.0,0.0073,0.0,0.0,0.0,0.1429,0.086,0.0,RB,00-0035537,1997-09-17,6.0,186.0,2019.0,2026.0,25.95,2023.0,1.0,1.651375,0.334964,1.651375,0.203
2024,Ty Johnson,BUF,41.0,213.0,5.2,1.0,0.0,17.0,71.0,,,,25.0,18.0,284.0,15.8,3.0,200.0,1.59,15.0,69.0,46.0,43.0,316.0,19.0,13.0,8.0,19.0,21.0,2.0,1.0,0.125,0.0244,0.0279,1.0,1.0,1.0,0.12,0.0835,0.0,RB,00-0035537,1997-09-17,6.0,186.0,2019.0,2026.0,26.96,2024.0,1.0,1.52428,0.7872,1.52428,0.516
2025,Ty Johnson,BUF,50.0,200.0,4.0,3.0,0.0,17.0,75.0,,,,33.0,24.0,263.0,11.0,2.0,,,,,,,335.0,20.0,15.0,10.0,22.0,25.0,3.0,2.0,0.143,0.06,0.0638,0.0,0.0,0.0,0.0606,0.0419,0.0,RB,00-0035537,1997-09-17,6.0,186.0,2019.0,2026.0,27.96,2025.0,2.0,5.393983,2.686203,2.696991,0.498
2018,Ty Montgomery II,BAL,41.0,188.0,4.6,1.0,1.0,13.0,,,,,40.0,25.0,235.0,9.4,0.0,113.0,2.08,56.0,42.0,48.0,46.0,264.0,20.0,16.0,15.0,25.0,31.0,1.0,1.0,0.143,0.0244,0.0228,0.0,1.0,0.0,0.0,0.0108,0.0,RB,00-0032200,1993-01-22,3.0,94.0,2015.0,2023.0,25.61,2015.0,4.0,6.198889,1.275063,1.549723,0.206
2019,Ty Montgomery II,NYJ,32.0,103.0,3.2,0.0,0.0,16.0,,,,,17.0,13.0,90.0,6.9,0.0,,,,,,,151.0,9.0,21.0,11.0,30.0,32.0,0.0,0.0,0.0,0.0,0.0032,0.0,0.0,0.0,0.0,0.0134,0.0,RB,00-0032200,1993-01-22,3.0,94.0,2015.0,2023.0,26.61,2019.0,1.0,1.43238,0.144038,1.43238,0.101
2020,Ty Montgomery II,NO,19.0,101.0,5.3,0.0,0.0,6.0,72.0,,,,6.0,3.0,27.0,9.0,0.0,,,,,,,72.0,12.0,26.0,8.0,31.0,35.0,0.0,0.0,0.0,,,0.0,0.0,0.0,,,0.0,RB,00-0032200,1993-01-22,3.0,94.0,2015.0,2023.0,27.61,2020.0,1.0,1.591862,0.208956,1.591862,0.131
2021,Ty Montgomery II,NO,15.0,44.0,2.9,0.0,0.0,14.0,69.0,,,,26.0,16.0,95.0,5.9,0.0,,,,,,,300.0,21.0,5.0,9.0,10.0,14.0,0.0,0.0,0.0,,,1.0,1.0,0.0,,,0.0,RB,00-0032200,1993-01-22,3.0,94.0,2015.0,2023.0,28.61,2021.0,1.0,1.860838,0.226932,1.860838,0.122
2023,Tyjae Spears,TEN,100.0,453.0,4.5,2.0,0.0,17.0,71.0,-14.0,-0.15,33.0,70.0,52.0,385.0,7.4,1.0,232.0,1.66,65.0,46.0,63.0,65.0,558.0,33.0,18.0,13.0,27.0,30.0,2.0,0.0,0.118,0.02,0.0201,0.0,1.0,0.0,0.0143,0.0183,0.0,RB,00-0039032,2001-06-15,3.0,81.0,2023.0,2026.0,22.21,2023.0,4.0,7.356625,1.330698,1.839157,0.181
2024,Tyjae Spears,TEN,84.0,312.0,3.7,4.0,0.0,12.0,71.0,,,,35.0,30.0,224.0,7.5,1.0,137.0,1.64,73.0,58.0,66.0,76.0,320.0,27.0,26.0,11.0,36.0,37.0,4.0,2.0,0.4,0.0476,0.0379,0.0,0.0,0.0,0.0286,0.0224,0.0,RB,00-0039032,2001-06-15,3.0,81.0,2023.0,2026.0,23.21,2023.0,4.0,7.356625,1.330698,1.839157,0.181
2025,Tyjae Spears,TEN,72.0,283.0,3.9,2.0,0.0,13.0,70.0,,,,50.0,45.0,264.0,5.9,0.0,168.0,1.57,79.0,88.0,53.0,81.0,374.0,29.0,19.0,13.0,31.0,33.0,2.0,2.0,0.25,0.0278,0.0254,0.0,0.0,0.0,0.0,0.0151,0.0,RB,00-0039032,2001-06-15,3.0,81.0,2023.0,2026.0,24.21,2023.0,4.0,7.356625,1.330698,1.839157,0.181
2022,Tyler Allgeier,ATL,210.0,1035.0,4.9,3.0,0.0,16.0,71.0,134.0,0.65,44.7,17.0,16.0,139.0,8.7,1.0,,,,,,,497.0,31.0,42.0,3.0,45.0,46.0,9.0,3.0,0.474,0.0143,0.0229,0.0,0.0,0.0,0.0588,0.0348,0.0,RB,00-0037263,2000-04-15,5.0,151.0,2022.0,2026.0,22.38,2022.0,4.0,5.777901,0.483031,1.444475,0.084
2023,Tyler Allgeier,ATL,186.0,683.0,3.7,4.0,0.0,17.0,72.0,-60.0,-0.33,39.2,23.0,18.0,193.0,10.7,1.0,,,,,,,360.0,21.0,52.0,6.0,57.0,58.0,6.0,3.0,0.6,0.0215,0.0236,0.0,0.0,0.0,0.0435,0.0312,0.0,RB,00-0037263,2000-04-15,5.0,151.0,2022.0,2026.0,23.38,2022.0,4.0,5.777901,0.483031,1.444475,0.084
2024,Tyler Allgeier,ATL,137.0,644.0,4.7,3.0,0.0,17.0,71.0,84.0,0.61,50.4,13.0,13.0,88.0,6.8,0.0,,,,,,,287.0,17.0,48.0,5.0,52.0,52.0,6.0,1.0,0.3,0.0219,0.0262,0.0,0.0,0.0,0.0,0.0079,0.0,RB,00-0037263,2000-04-15,5.0,151.0,2022.0,2026.0,24.38,2022.0,4.0,5.777901,0.483031,1.444475,0.084
2025,Tyler Allgeier,ATL,143.0,514.0,3.6,8.0,0.0,17.0,70.0,-25.0,-0.18,40.8,16.0,14.0,96.0,6.9,0.0,,,,,,,328.0,19.0,44.0,5.0,48.0,48.0,10.0,5.0,0.5,0.0559,0.0488,0.0,0.0,0.0,0.0,0.0076,0.0,RB,00-0037263,2000-04-15,5.0,151.0,2022.0,2026.0,25.38,2022.0,4.0,5.777901,0.483031,1.444475,0.084
2024,Tyrone Tracy Jr.,NYG,192.0,839.0,4.4,5.0,2.0,17.0,69.0,-18.0,-0.1,30.3,53.0,38.0,284.0,7.5,1.0,257.0,1.11,50.0,55.0,36.0,40.0,651.0,38.0,29.0,8.0,35.0,38.0,5.0,3.0,0.385,0.026,0.0226,1.0,1.0,1.0,0.0189,0.021,0.0,RB,00-0039384,1999-11-23,5.0,166.0,2024.0,2026.0,24.77,2024.0,4.0,5.078595,0.337703,1.269649,0.066
2025,Tyrone Tracy Jr.,NYG,176.0,740.0,4.2,2.0,1.0,15.0,71.0,15.0,0.09,38.8,48.0,36.0,288.0,8.0,2.0,238.0,1.21,37.0,73.0,27.0,37.0,548.0,37.0,32.0,9.0,39.0,41.0,2.0,0.0,0.1,0.0114,0.013,0.0,0.0,0.0,0.0417,0.032,0.0,RB,00-0039384,1999-11-23,5.0,166.0,2024.0,2026.0,25.77,2024.0,4.0,5.078595,0.337703,1.269649,0.066
2018,Wayne Gallman Jr.,NYG,51.0,176.0,3.5,1.0,1.0,15.0,,,,,22.0,14.0,89.0,6.4,0.0,,,,,,,155.0,10.0,33.0,14.0,42.0,47.0,1.0,0.0,0.059,0.0196,0.0306,0.0,1.0,0.0,0.0,0.0179,0.0,RB,00-0033950,1994-10-01,4.0,140.0,2017.0,2022.0,23.92,2017.0,4.0,5.085497,0.756874,1.271374,0.149
2019,Wayne Gallman Jr.,NYG,29.0,110.0,3.8,2.0,1.0,10.0,,,,,16.0,11.0,102.0,9.3,1.0,,,,,,,163.0,16.0,18.0,10.0,25.0,28.0,4.0,2.0,0.286,0.069,0.0661,0.0,0.0,0.0,0.0667,0.0506,0.0,RB,00-0033950,1994-10-01,4.0,140.0,2017.0,2022.0,24.92,2017.0,4.0,5.085497,0.756874,1.271374,0.149
2020,Wayne Gallman Jr.,NYG,147.0,682.0,4.6,6.0,0.0,15.0,70.0,79.0,0.55,46.2,27.0,21.0,114.0,5.4,0.0,112.0,1.02,40.0,55.0,40.0,40.0,391.0,26.0,38.0,7.0,43.0,45.0,10.0,6.0,0.588,0.0408,0.0381,0.0,0.0,0.0,0.0,0.0096,0.0,RB,00-0033950,1994-10-01,4.0,140.0,2017.0,2022.0,25.92,2017.0,4.0,5.085497,0.756874,1.271374,0.149
2021,Wayne Gallman Jr.,MIN,28.0,104.0,3.7,0.0,0.0,9.0,71.0,,,,3.0,1.0,21.0,21.0,0.0,,,,,,,46.0,7.0,61.0,7.0,63.0,67.0,0.0,0.0,0.0,0.0,0.0024,0.0,0.0,0.0,0.0,0.003,0.0,RB,00-0033950,1994-10-01,4.0,140.0,2017.0,2022.0,26.92,2021.0,1.0,1.633907,0.0,1.633907,0.0
2025,Woody Marks,HOU,196.0,703.0,3.6,2.0,0.0,16.0,68.0,31.0,0.16,40.1,36.0,24.0,208.0,8.7,3.0,250.0,0.91,57.0,45.0,52.0,52.0,571.0,36.0,34.0,6.0,39.0,41.0,9.0,1.0,0.429,0.0102,0.0198,1.0,2.0,1.0,0.0833,0.0701,0.0,RB,00-0040583,2000-12-29,4.0,116.0,2025.0,2026.0,24.67,2025.0,4.0,5.613807,1.082861,1.403452,0.193
2023,Zach Charbonnet,SEA,108.0,462.0,4.3,1.0,0.0,16.0,68.0,19.0,0.18,40.6,40.0,33.0,209.0,6.3,0.0,230.0,0.91,72.0,53.0,53.0,62.0,478.0,30.0,23.0,8.0,29.0,31.0,6.0,1.0,0.286,0.0093,0.0233,0.0,0.0,0.0,0.0,0.0048,0.0,RB,00-0039165,2001-01-08,2.0,52.0,2023.0,2026.0,22.64,2023.0,4.0,9.212966,5.109323,2.303242,0.555
2024,Zach Charbonnet,SEA,135.0,569.0,4.2,8.0,0.0,17.0,69.0,73.0,0.56,40.2,52.0,42.0,340.0,8.1,1.0,235.0,1.45,71.0,59.0,38.0,52.0,568.0,33.0,24.0,9.0,31.0,33.0,12.0,4.0,0.5,0.0588,0.0525,0.0,0.0,0.0,0.0192,0.0125,0.0,RB,00-0039165,2001-01-08,2.0,52.0,2023.0,2026.0,23.65,2023.0,4.0,9.212966,5.109323,2.303242,0.555
2025,Zach Charbonnet,SEA,184.0,730.0,4.0,12.0,0.0,16.0,73.0,59.0,0.33,41.3,24.0,20.0,144.0,7.2,0.0,,,,,,,490.0,31.0,38.0,5.0,42.0,42.0,18.0,9.0,0.692,0.0652,0.0593,1.0,1.0,0.0,0.0,0.0178,0.0,RB,00-0039165,2001-01-08,2.0,52.0,2023.0,2026.0,24.65,2023.0,4.0,9.212966,5.109323,2.303242,0.555
2020,Zack Moss,BUF,112.0,481.0,4.3,4.0,0.0,13.0,69.0,1.0,0.01,39.8,18.0,14.0,95.0,6.8,1.0,,,,,,,402.0,31.0,28.0,4.0,31.0,32.0,11.0,3.0,0.611,0.0357,0.045,1.0,2.0,1.0,0.0556,0.0562,0.0,RB,00-0036251,1997-12-15,3.0,86.0,2020.0,2024.0,22.71,2020.0,4.0,6.872103,1.389623,1.718025,0.202
2021,Zack Moss,BUF,96.0,345.0,3.6,4.0,1.0,13.0,69.0,-75.0,-0.78,35.4,32.0,23.0,197.0,8.6,1.0,123.0,1.6,63.0,37.0,52.0,51.0,380.0,29.0,25.0,8.0,31.0,34.0,5.0,3.0,0.455,0.0417,0.0423,0.0,1.0,0.0,0.0313,0.0358,0.0,RB,00-0036251,1997-12-15,3.0,86.0,2020.0,2024.0,23.71,2020.0,4.0,6.872103,1.389623,1.718025,0.202
2022,Zack Moss,IND,93.0,456.0,4.9,1.0,1.0,13.0,71.0,26.0,0.28,40.9,13.0,11.0,39.0,3.5,0.0,,,,,,,249.0,19.0,37.0,5.0,42.0,43.0,2.0,0.0,0.182,0.0108,0.0184,0.0,0.0,0.0,0.0,0.005,0.0,RB,00-0036251,1997-12-15,3.0,86.0,2020.0,2024.0,24.71,2020.0,4.0,6.872103,1.389623,1.718025,0.202
2023,Zack Moss,IND,183.0,794.0,4.3,5.0,0.0,14.0,74.0,129.0,0.71,41.8,37.0,27.0,192.0,7.1,2.0,187.0,1.03,58.0,49.0,50.0,53.0,531.0,38.0,34.0,7.0,40.0,41.0,11.0,3.0,0.458,0.0273,0.0322,0.0,0.0,0.0,0.0541,0.0411,0.0,RB,00-0036251,1997-12-15,3.0,86.0,2020.0,2024.0,25.71,2020.0,4.0,6.872103,1.389623,1.718025,0.202
2024,Zack Moss,CIN,74.0,242.0,3.3,2.0,1.0,9.0,68.0,,,,27.0,23.0,187.0,8.1,1.0,,,,,,,297.0,37.0,25.0,9.0,33.0,34.0,8.0,2.0,0.381,0.027,0.0402,1.0,1.0,1.0,0.037,0.0326,1.0,RB,00-0036251,1997-12-15,3.0,86.0,2020.0,2024.0,26.71,2024.0,2.0,9.434612,3.53798,4.717306,0.375
2022,Zamir White,LV,17.0,70.0,4.1,0.0,0.0,11.0,72.0,,,,0.0,0.0,0.0,0.0,0.0,,,,,,,35.0,3.0,49.0,0.0,49.0,49.0,0.0,0.0,0.0,,,0.0,0.0,0.0,,,0.0,RB,00-0038040,1999-09-18,4.0,122.0,2022.0,2026.0,22.95,2022.0,4.0,6.371095,1.076224,1.592774,0.169
2023,Zamir White,LV,104.0,451.0,4.3,1.0,1.0,15.0,67.0,34.0,0.33,46.6,19.0,15.0,98.0,6.5,0.0,,,,,,,229.0,15.0,45.0,8.0,52.0,54.0,3.0,1.0,0.231,0.0096,0.0158,0.0,0.0,0.0,0.0,0.0125,0.0,RB,00-0038040,1999-09-18,4.0,122.0,2022.0,2026.0,23.95,2022.0,4.0,6.371095,1.076224,1.592774,0.169
2024,Zamir White,LV,65.0,183.0,2.8,1.0,2.0,8.0,71.0,,,,8.0,6.0,30.0,5.0,0.0,,,,,,,154.0,19.0,42.0,5.0,46.0,47.0,2.0,1.0,0.105,0.0154,0.0193,0.0,0.0,0.0,0.0,0.0056,0.0,RB,00-0038040,1999-09-18,4.0,122.0,2022.0,2026.0,24.96,2022.0,4.0,6.371095,1.076224,1.592774,0.169
2025,Zavier Scott,MIN,32.0,114.0,3.6,0.0,1.0,11.0,74.0,,,,16.0,14.0,98.0,7.0,1.0,,,,,,,105.0,12.0,30.0,15.0,44.0,46.0,1.0,0.0,0.083,0.0,0.0096,0.0,0.0,0.0,0.0625,0.0438,0.0,RB,00-0038440,1999-07-17,,,2023.0,2026.0,26.13,2025.0,1.0,0.906189,0.0,0.906189,0.0
